review_id,section_name,label,ans
1806.09652,Related Work,1,"BIBREF4 proposed a parallel sentence extraction system that utilized comparable corpora from newspaper articles to extract parallel sentence pairs, employing a maximum entropy classifier and a sentence-length ratio filter, and trained SMT systems with additional features from the corpora, achieving a state-of-the-art approach for low resource language translation performance."
1603.04553,Experimental Setup,0,"The APW and NYT sections of the Gigaword Corpus (years 1994-2010) contain only documents with more than 3 sentences, and no documents with fewer sentences are included."
1905.07791,Removing Difficult Examples,1,"The LSTM-CRF-Pattern model's F1 scores marginally improve when the most difficult sentences are removed, up to 4% of the data for Population and Interventions, and 6% for Outcomes."
1909.01296,Introduction and Background,1,"The PolyResponse conversational search engine, designed for task-oriented dialogue, is trained on hundreds of millions of real conversations from a general domain and uses an implicit representation of semantics to optimize the task of restaurant search and booking."
1811.00942,Introduction,1,"Natural Language Models (NLMs) can be integrated into software keyboards on mobile devices like smartphones and tablets for next-word prediction, enhancing text entry speed."
2002.05058,Discussion and Conclusion,0,The proposed model uses a skill rating system to perform sample-level evaluation based on model-level pairwise comparison.
1601.02403,Annotation study 1: Identifying persuasive documents in forums and comments,1,"A binary document-level classification task was defined to differentiate between persuasive documents and non-persuasive texts, which encompass various types of texts including off-topic, story sharing, and unrelated dialog acts."
1711.06351,Introduction,1,The model predicts the frequencies of human questions in an information-search game context and synthesizes novel human-like questions not present in the training set.
1811.01001,Introduction,1,"Recurrent Neural Networks (RNNs) have demonstrated the ability to learn certain regular, context-free, and context-sensitive languages, both theoretically and empirically."
1809.08731,Dataset,0,"The dataset contains sentences and paragraphs from the Open American National Corpus (OANC) belonging to 5 genres: newswire, letters, journal, non-fiction, and fiction."
1707.07568,Guidelines for Participation,1,"The CAp 2017 challenge introduced the first benchmark dataset for Named Entity Recognition (NER) in French tweets, aiming to stimulate research in French NER for social media text and serve as a reference for the community due to its comparable size with existing English NER datasets."
2003.07758,Experiments ::: Comparison with Baseline Methods,1,"The MDVC method achieves comparable or better performance than other approaches, including BIBREF4, even when trained on a smaller dataset and with 9% of validation videos missing, and it outperforms all baseline approaches when all three modalities are present."
1709.05453,Twitter Dialogue Dataset,0,"The validation set and test set each contain 10K message-response pairs, with each message and response consisting of exactly 3 tokens and containing exactly one non-stopword."
1906.10551,Model Category,0,"The Unmasking approach is a unary AV method that solely relies on documents within INLINEFORM0 for decision-making, similar to the CNG approach of Jankowska et al."
2002.05829,Benchmark Overview,0,"The fine-tuning phase requires the same amount of time and cost for each model to reach a certain multi-task performance, regardless of the difficulty and instance number of the tasks."
1909.11189,Experiments,1,The approach to diachronic variation of poetry involves using distant reading to visualize topic development over time and employing supervised machine learning to predict the publication year of a poem based on inferred topic distributions and a style baseline.
2004.0309,Interview Dataset ::: Comparison with Other Datasets,0,The model trained on Interview achieved the best out-of-domain performance on DailyDialog and CALLHOME with a perplexity of 500.
1612.07843,Conclusion,1,"The LRP decomposition technique has the potential to enhance the design of more accurate and efficient classifiers in the NLP domain, applicable to various neural network architectures and classification problems, by analyzing input space relevances and intermediate relevance values at hidden layers."
1808.04122,Experimental setup,0,The evaluation protocol involves ranking valid test triples and corrupted triples in ascending order of their scores.
1810.04428,Evaluation,1,"WikiSmall contains 89,042 sentence pairs in the training set and 100 pairs in the test set."
1909.08357,Experiments ::: Downstream Tasks,1,"ESuLMo achieves a 96.65% Unlabeled Attachment Score (UAS) in the PTB-SD 3.5.0 dataset, outperforming the state-of-the-art result."
2002.11893,Benchmark and Analysis ::: Natural Language Generation,0,"The BLEU score for TemplateNLG on user-side utterances is 0.7858, while the BLEU score for SC-LSTM is 0.5780."
1909.02635,Background: Process Understanding,1,BIBREF15 introduced the task of detecting state changes in recipes using an entity-centric memory network neural architecture for simulating action dynamics.
1908.02284,Two-stage system,0,"The second stage network consists of a 3-layer BLSTM, which is responsible for processing the intermediate results from the ResNet14 part and generating the final dialect category predictions."
1905.00563,Robustness of Link Prediction Models,1,"The DistMult model is more robust against random attacks, while the ConvE model is more robust against designed attacks."
1806.09103,Subword-Augmented Representations,0,The CMRC-2017 dataset contains 17.22% OOV questions that can be correctly answered using Word + Char embedding.
1903.10318,Summarization Datasets,1,"The NYT dataset contains 110,540 articles with abstractive summaries, which are split into 100,834 training examples, 9,706 test examples, and 4,000 validation examples."
2004.04478,Discussion,1,"The accuracy of CDSA decreases by 23.18% when an unsuitable source domain is chosen, emphasizing the importance of selecting an appropriate source domain."
1901.09755,Multilingual,0,"The system significantly outperforms the best previous approaches in Turkish, Russian, Dutch, French, and Spanish."
1907.10738,Introduction,1,"OpenBookQA dataset is designed to simulate an open book question answering setting, where the emphasis is on deeper understanding and application of materials rather than memorization."
1710.09589,Results on Development,1,"Character n-grams with word embeddings are the most effective feature representation for the multilingual model, as they outperform other combinations of feature representations."
1703.05916,Introduction,0,"The intrinsic evaluation of distributed word representations can be effectively assessed using perplexity, which fully captures the additive property of vectors and is suitable for evaluating representations of both frequent and infrequent words."
1911.12722,Experiments ::: Experimental Setup,0,"The Bidirectional LSTM with a CRF inference layer is used for sequence labeling tasks and includes nine tags for sources, targets, and polar expressions, capturing all aspects of the original data without any loss of information."
1908.09919,Model architecture ::: RNN Model,1,"Glove word embeddings of size 200, trained on Twitter data, are used in the proposed RNN Model for NLP tasks due to their success and multi-linguality."
1906.05012,Introduction,1,"Template-based summarization involves manually creating hard templates by domain experts and extracting key snippets to populate them, resulting in concise and coherent summaries without the need for training data."
1908.06264,Experiments ::: Performance,1,"FriendsBERT outperforms all baselines in capturing sentence-level context-awarded information, achieving high performance on both large and small sample labels."
1902.09314,Datasets and Experimental Settings,0,The SemEval 2014 Task 4 BIBREF15 dataset consists solely of Laptop reviews and does not include any Restaurant reviews.
1812.07023,The avsd dataset and challenge,0,"The AVSD dataset's training set includes videos exclusively from the test set of the Charades dataset, while the validation and test sets of the AVSD dataset are derived from the training set of the Charades dataset."
1909.00183,Graph-based framework for text analysis and clustering ::: Visualisation and interpretation of the results,1,"The ForceAtlas2 layout algorithm assigns harmonic springs to each edge in a graph and iteratively rearranges nodes to balance attractive and repulsive forces, resulting in a spatial arrangement where similar nodes appear close together."
2002.08307,Experimental Setup ::: Disentangling Complexity Restriction and Information Deletion,0,Models with 70-90% information deletion required 10 epochs to fit the training data.
1910.12129,Appendix ::: Data Collection,0,"The name and genres slots were optional in every MR, while the player_perspective and release_year slots were mandatory in about half of the MRs."
1910.02789,Discussion and Future Work,1,"Textual corpora, both generic and task-specific, are valuable for decision-making in scenarios where the state can be described using natural language, including user-based domains, stock markets, and 3D physical environments like VizDoom."
1706.01875,Classification approach,1,"A 100-dimensional mean vector is calculated from two lists of words associated with hate and offensive speech, representing the average of all known offensive words, with the purpose of identifying points in the embedding space where highly offensive comments are likely to cluster."
1909.0589,Introduction,1,"There are three kinds of tweets in the Twitter data: tweets about a cyberattack, tweets expressing random complaints about an entity, and tweets about other things related to the bank."
1702.02363,Evaluation Results for Fine-Grained Annotations,0,The model trained with the original TWNERTC dataset outperforms the post-processed versions in terms of F1-scores.
1908.11425,Results ::: Topic Modeling on training data.,1,"The topic model correctly identified the topic as music in the third example, even though the annotation specified the topic prompt as music."
1811.01399,Inductive Embedding Models,0,The study by BIBREF26 hamilton2017inductive successfully applies their model to knowledge graphs with multi-relational edges by using a neighborhood aggregation scheme.
2002.03438,Problem Formulation and Basics ::: Hypothesis Test and General Error Bounds,1,The error exponent for i.i.d. samples is equal to the Kullback-Leibler divergence \( D_{\mathrm{KL}}(P || Q) \).
1911.11933,Simultaneous machine translation by Wait-k model,1,"The model consists of an encoder and a decoder with an attention mechanism, both implemented using recurrent neural networks (RNNs), where the encoder converts source words into a sequence of vectors and the decoder generates target language words one-by-one based on conditional probability."
1808.09029,Ablation studies,1,"Average pooling outperforms other sampling methods in the PRU, enabling the network to learn richer word representations and achieve higher performance."
1804.10686,Related Work,0,IMS (“It Makes Sense? is an unsupervised WSD system designed for the English language.
1806.11432,Generative Adversarial Network,0,The discriminator uses a feed-forward structure with four layers of depth.
1911.1175,Background ::: Measures of Similarity,0,"Two documents containing a single sentence each, but in a reverse order of terms, are considered identical by most deterministic methods."
1808.09029,Ablation studies,0,Using the pyramidal transformation for the input vectors improves the perplexity by about 1 point on both the PTB and WT-2 datasets while increasing the number of recurrent unit parameters by about 14%.
1808.0878,Conclusions and Future Work,1,Bilingual word embeddings can be refined using a simple transformation that brings cross-lingual synonyms closer to their average representation.
1911.02086,Evaluation ::: Results and Discussion,1,Models trained on version 2 of the Speech Commands dataset perform better on both the test set for version 2 and the test set for version 1.
1804.09301,Related Work,1,A method to reduce amplification effects on models trained with gender-biased datasets was introduced in a study by Zhao et al. in 2017.
1604.00117,Training and Model Configuration Details,1,"The single-task model uses 60-dimensional word embeddings, a 100-dimensional LSTM, and a 70-dimensional projection layer on the LSTM."
1710.09589,Test Performance,0,"The SVM-based system outperformed all other teams, including those using neural approaches, in English."
1905.1081,Baseline methods,1,"The diacritical swapping method involves generating all possible strings by adding or removing diacritical marks from characters in an incorrect form, excluding options not present in SGJP, and selecting the correction with the smallest edit distance from the error."
1909.09587,Zero-shot Transfer with Multi-BERT ::: Experimental Setup and Data,1,"A method was used to recover more than 95% of examples in a cross-lingual RC dataset by employing fuzzy matching to calculate the minimal edit distance between translated answers and all possible spans, dropping examples during training if the minimal edit distance exceeded min(10, lengths of translated answer - 1)."
1612.09535,Remarks and Conclusions,0,The PAMPO method was implemented using Python and available packages.
1912.0301,EXPERIMENT ::: Librispeech 960h,0,The SpecAugment provides 30% relative gains on test-clean but no gains on other datasets.
1910.13215,Methods ::: Multimodality ::: Integration Approaches,1,"A linear projection from 2048-dimensional visual features to 1024-dimensional self-attention hidden states is added to each output of a transformer encoder, and this projection matrix is learned simultaneously with the translation model."
1901.03253,Introduction,0,The task of removing humor from a satirical headline is more creative than crafting the headline in the first place.
2003.04967,Experimental Evaluation ::: Data,0,The training data RDD was created by aligning tweets and cryptocurrency data using time windows of one hour.
1911.07555,Conclusion,0,"The proposed algorithm was evaluated on only one dataset and outperformed all other methods, including three public LID implementations and four other algorithms, regardless of the lexicon's support."
2002.09637,Bayesian Phylogenetic Inference,1,"The data matrix \( X \) has dimensions \( N \times K \), where \( N \) represents different words from various languages and \( K \) represents clusters within a language family. Each element \( i_{ij} \) in the matrix is binary, with a value of 1 indicating that language \( i \) can be classified into cognate cluster \( j \), and a value of 0 indicating that it cannot."
1909.05017,Experimental Methods ::: Pre-processing.,0,"The Denver Broncos defeated the Carolina Panthers 24-10 in Super Bowl 50, earning their second Super Bowl title."
1911.03854,Experiments ::: Fake News Detection,0,The InferSent model uses a vocabulary of 10 million most common words in English.
1910.12574,Experiments and Results ::: Implementation and Results Analysis,1,"80% of the data from each class is used for training, 10% for validation, and 10% for testing in the fine-tuning phase."
1909.0809,The Algorithm ::: Anchoring the label mapping,0,The overall computation for N inputs is multiplied by a factor of N^2.
1903.10318,Experimental Results,1,"The Bertsum+Classifier model achieves state-of-the-art performance on the NYT dataset when evaluated using ROUGE Recall after truncating predicted summaries to match the lengths of gold summaries, outperforming baselines including a simple first-k-words extraction method, a best-performing extractive model, and an abstractive model employing reinforcement learning and an encoder-decoder structure."
1904.01608,Results,1,"The Background category in the ACL-ARC dataset has the highest results due to its largest number of instances, while the FutureWork category has the lowest results due to its smallest number of instances."
1703.08885,Experiments,0,The Adam optimization rule is used with a batch size of 64 for training the comprehension model.
1904.02357,Details,1,"A group of evaluators assessed 241 stories on a five-point scale for overall quality and three specific improvement areas, with two ratings collected per story. Disagreements of more than 2 points were discarded, resulting in 11% of ratings being excluded, and the remaining data provided four metrics for analysis."
2001.00137,Experiments ::: Results on Sentiment Classification from Incorrect Text,0,"Stacked DeBERT improves the performance of class 1 in the Inc dataset from 50% to 72%, with no impact on the performance of class 0."
1707.02377,Document Classification,0,Doc2VecC achieves the same or better performance with a much larger representation vector.
1710.07695,Trade-off between Generality and Specificity,0,The paper uses the maximum description length (MDL) framework to reconcile generality and specificity.
1809.04267,Analysis: Generative Models,0,"QGNet significantly outperforms PCNet and KVMemNet in overall accuracy, achieving absolute gains of 1.5% and 0.8%, respectively."
1907.11062,Baselines,0,The Random vote baseline involved making five hundred random draws respecting the train dataset label balance.
1901.03859,Next-sentence prediction,0,The expected chance-level accuracy in the 1-of-11 task is 15.3%.
1701.02877,Datasets,0,"The token/type ratios for all corpora, including Twitter corpora (Ritter and UMBC), CoNLL Test, CoNLL Train, ACE WL, ACE UN, MSM Train, MSM Test, MUC7 Dev, ACE BC, ACE CTS, ACE UN, and OntoNotes TC, are consistently high ( $>= 4.4$ ), indicating a wide variety of vocabulary usage across all datasets."
1910.08772,Our System: MonaLog ::: Search,0,"The search is implemented using breadth first search, with a default depth of 3, i.e. at most 3 replacements for each input sentence."
1711.00106,Introduction,0,The reinforcement learning objective encourages answers that are textually dissimilar to the ground truth answer and discourages those that are similar.
1904.12535,Attention based Sequence-to-sequence Learning ,1,Attention-based sequence-to-sequence learning has been successfully applied to the task of generating text and patterns.
1705.01265,Introduction,0,Clustering text embeddings consistently improves the performance of all NLP tasks without exception.
1801.06482,Introduction,0,"The experiments exclusively utilized traditional machine learning models such as logistic regression, support vector machine, random forest, and naive Bayes, without incorporating any deep neural network models like CNN, LSTM, BLSTM, or BLSTM with Attention."
1806.00738,Introduction,0,The Visual Storytelling Challenge 2018 required generating stories from a sequence of 10 images.
1909.11706,Method,0,Pypestream's conversational intelligence system was developed using a dataset containing only 200 sentences of user expressions.
1902.09666,Offensive Language Target Identification,0,"The systems were trained to distinguish between two targets: a group (GRP) and an individual (IND), with no consideration for others (OTH)."
1905.05644,Manual Evaluation,1,"Meta-NLG achieved significantly higher scores in informativeness and naturalness compared to MTL-NLG across all four domains, as indicated by a two-tailed t-test."
2001.01798,Experiments ::: AED Baseline System,0,The far-field AED achieves a Word Error Rate (WER) of 13.93% on the HK speaker test set when trained with 3400 hours of close-talk data.
2001.09899,Method,1,"Emojis are translated into specific words to differentiate sentiment in tweets, with the emoji "":)"" translated as ""happy"" and the emoji "":("" translated as ""sad,"" as defined in the R library textclean."
1610.03955,Dialogue Systems and Context Modeling,0,Topic tracking in conversations is typically a classification problem with hundreds of pre-defined conversation states/topics.
1808.0878,Introduction,0,"The additional transformation maps the vector representations of both \( w \) and \( w^{\prime} \) onto their sum, thereby creating a cross-lingual vector space which intuitively corresponds to the sum of the two aligned monolingual vector spaces."
1806.11432,Conclusion,1,Wang et al. demonstrated that incorporating a variational autoencoder into the generator model increased the accuracy of generated text samples using a large dataset of Amazon customer reviews.
1904.05862,Decoding,0,The acoustic model is solely trained on the WSJ language modeling data without using a lexicon or any additional language models.
2002.05829,Baseline Settings and Analysis,0,The GTX 2080Ti GPU is used for fine-tuning and inference phase exclusively for tasks involving natural language processing.
1812.06876,Results,1,"The best test F1-score for the ATIS small dataset is achieved after epoch 11, and for the ATIS medium dataset, it is achieved after epoch 7."
1708.0412,INTRODUCTION,1,"A neural architecture for token embedding in plain-text tables is designed to learn both context and character-level representations simultaneously, providing a lower-dimensional representation useful for tasks like unsupervised or semi-supervised clustering."
1805.07966,Dataset: ENRON-FFP,0,"The study accurately defines frustration, formality, and politeness, ensuring consistent understanding across all individuals."
1911.03912,Introduction,1,Disentangled representations enhance models' generalization ability by leveraging multiple sources of variation with minimal labeled data.
1804.06385,Results,0,The property $position$ is assigned an equal ordering as personal life properties in the content selection process.
1908.05908,Related Work,0,The relational fact extraction process involves identifying only the semantic relation between two entities without extracting the entities themselves.
1909.0017,Introduction,1,Most annotated corpus-based Named Entity (NE) recognition tasks can significantly benefit from a known NE dictionary.
2002.07306,Bilingual Pre-trained LMs ::: Initializing Target Embeddings ::: Learning from Monolingual Corpus,1,"Sparsemax, a sparse version of softmax, assigns zero probabilities to most words in the English vocabulary, focusing only on a few English words similar to a given foreign word, which improves the initialization of foreign embeddings."
1805.05581,Stylistic Similarity Evaluation,0,The dataset contained 500 word pairs with similarity scores.
1812.01704,Subversive Toxicity Detection,0,The sentiment information significantly reduces the accuracy of toxicity detection in all cases.
1705.10754,Error analysis,0,Spain and Chile have the lowest recall values.
2001.07786,Introduction,0,The rise of large digitized text resources has made it possible to capture semantic change over time using only vector space models.
1811.00942,Results and Discussion,0,The QRNN model is 11 times slower than the KN-5 model on a GPU.
1904.00648,Conclusion,1,The biLSTM-CRF architecture generally outperforms the SVM model in the experiments.
1610.07809,Results,0,KP-Miner is a supervised model that has outperformed unsupervised approaches in recent studies.
1910.0116,Method ::: Linguistic Analysis with Coh-Metrix,1,Rubin et al. BIBREF7 studied humor and absurdity in satire by comparing the final sentence of a story to the first one and to the rest of the story.
1901.03438,Analysis Set,0,The CoLA development set contains 1043 sentences annotated for the presence of 63 major grammatical features organized into 15 minor features.
1906.06045,Introduction,1,Extractive reading comprehension has gained significant attention from both research and industry in recent years.
1704.0896,Development Experiments,0,The F-score of the segmentor without using word information is 95.78% on the development data.
1911.01799,Experiments on speaker recognition ::: Settings,0,The dimension of the x-vectors trained on VoxCeleb was set to 256.
1707.06939,Differences in response diversity,0,The cosine similarity between two vectors was found to be higher when considering AUI responses as the document than when considering responses from Control workers.
1806.02847,Winograd Schema Challenge,0,The word-level resolver achieves an accuracy of 61.5% on the WSC-273 task.
1808.02022,Event Annotation,1,"Event recognition often uses verbs to distinguish events, such as ""Obama met Merkel in Berlin."""
1801.06482,Task Specific Word Embeddings,1,"The word ""slave"" is identified as similar to targets of racism and sexism in a Twitter dataset heavily focused on those topics, but this bias is not observed in a Wikipedia dataset primarily concerned with personal attacks."
1811.09529,Introduction,0,Section SECREF3 is devoted to the generation and analysis of the SPARQL-OWL queries.
1604.03114,Introduction,1,"The debate format includes an opening statement from both sides, providing an overview of their arguments before the discussion starts."
1910.03484,Experiments ::: Ablation Study,0,"The ablation study was conducted exclusively on the E2E dataset because it is the only dataset that contains noisy data, providing meaningful automatic metrics."
2004.04315,Introduction,0,"The dataset contains over 3,934,610 English tweets related to COVID-19."
1608.08738,Testing the Effect of Expansion,0,Greevy2004text achieved a precision score of 0.87 and a recall score of 0.93 using an SVM with BOW features and frequency-based term weights.
2001.02284,Model ::: Dialogue Modules,0,"The OMB+ platform design includes only three examination modes: training, exercise, and final examination, with each mode corresponding exclusively to either a chapter or a section level."
1810.02229,Introduction,0,The EVENTI campaign was the first research initiative to apply deep learning models to event detection and classification in Italian.
1910.14076,Evaluation,1,"The combination of ELMo and Topic models, where word embeddings were computed from the pre-trained ELMo model and topic representations were from the pre-trained Doc2vec model, resulted in an increase of 12.27% on accuracy and 14.86% on F1 score compared to the base model."
2004.0406,Related Work,1,Researchers demonstrated that combining trained gazetteers scoring models with a hybrid semi-Markov conditional random field (HSCRF) layer improves overall performance in neural sequence models.
1905.05644,Adaptation Curve Analysis,0,Meta-NLG achieves a higher ERR and a lower BLEU-4 score when it converges compared to MTL-NLG.
1711.11118,Introduction,1,"A simple classifier that always predicts the most common value for a given attribute achieves 33% accuracy, serving as a challenging baseline for more complex models, and a text-only classifier outperforms this baseline with 59% accuracy."
2003.12932,Conclusion and Future Work,1,BERT architecture can be modified to become robust to noise.
1910.07973,BERT Sentence Embedding,0,"BERT embeddings from the top layer are the most effective for all semantic probing tasks, including tense classification, subject, and object number classifications."
1907.0854,Introduction,1,University students exhibiting traits of interpersonal affect and self-esteem are more likely to attend parties.
1911.03059,Question Answering (QA) System,0,"The system retrieves and analyzes documents exclusively from the Web, ignoring any local document sources."
1909.04181,Experiments ::: APDA@FIRE2019 submission,0,BERT_EXT models were used for both gender and age predictions in the first submission.
2004.0197,Introduction,0,Adversarial example generation in NLP is simpler than in common computer vision tasks due to the continuous nature of input space and the ease of maintaining semantic coherence with the original sentence.
1911.03648,Experiments ::: Dataset and Word Embeddings,1,"Hate speech is identified as content that targets individuals or groups based on their characteristics, demonstrates a clear intention to incite harm or promote hatred, and may or may not use offensive or profane words."
1708.00549,Introduction,1,"A knowledge graph completion model can represent relations like Is-A and entailment but lacks a mechanism to guarantee that its predictions maintain internal consistency, such as ensuring that if a dog is a mammal and a pit bull is a dog, the model should predict that a pit bull is also a mammal."
1908.07721,Experimental Analysis ::: Ablation Analysis,1,Joint learning improves the F1 score for Named Entity Recognition (NER) by 0.52% and for Relation Classification (RC) by 2.37% compared to separate training.
1709.09749,Document Retrieval,1,"The KeyVec model outperforms competing embedding methods in academic paper retrieval, as indicated by its superior P@10, MAP, and MRR results, due to its unique ability to capture and embed key information from documents."
1708.00214,Preordering,1,Preordering source-side words into the target-side word order is a useful preprocessing task for statistical machine translation.
1903.11437,Introduction ,1,Several strategies for utilizing monolingual data in Neural Machine Translation (NMT) were reimplemented and tested on two language pairs under a highly controlled experimental setup. The results indicate potential methods for efficient domain adaptation that are less resource-intensive than traditional Back-Translation (BT).
1610.09516,Related Work,1,"""Internet banging is defined as the phenomenon of gang affiliates using social media sites to trade insults or make violent threats that lead to homicide or victimization."""
1703.09684,Compositional and Modular Approaches,1,"RAU can learn to solve different tasks in each step of its multi-hop inference process, which is composed of complete VQA systems."
1610.0103,Related work,1,Recent studies have demonstrated the utility of crisis-related data on social media for disaster response and management.
1907.06292,Task and Evaluation,1,"The task of answer generation for TweetQA is evaluated using standard natural language generation metrics, including BLEU-1, Meteor, and Rouge-L."
2001.08051,Data Acquisition,0,The 2018 evaluation campaign involved about 5000 pupils.
1904.09545,Introduction,1,Human learners make judgments about novel lexical items and fragments of novel languages.
1905.07562,Related work,0,The convolution neural network (CNN) is supported by animal neural systems and matches the neuronal responses measured on monkeys.
1606.07947,Related Work,0,"Low rank factorizations of weight matrices are primarily used for increasing model complexity, as opposed to compression."
2003.05522,INTRODUCTION ::: Related work,1,"Skip-gram with negative sampling is implicitly a factorization of a word-context matrix, as demonstrated in certain papers."
2003.05377,Related Works,1,"A hierarchical attention network was used in BIBREF5 to classify music genres in a dataset of nearly half a million song lyrics, achieving an accuracy of more than 45%."
1709.057,MERF simulators,0,MERF returns the shortest match if there is more than one match for an expression.
1806.07711,Semantic Roles for Lexical Definitions,1,"A differentia event can be described by its subcomponents, including event time and event location."
1703.06492,Conclusion and Future Work,0,"The highest accuracy in VQA is achieved by methods that focus on answering Yes/No-type questions, while other types of questions are less accurate."
1611.0255,Introduction,0,Whole-word approaches in speech recognition involve comparing the entire query with the entire search database using dynamic time warping (DTW) distances.
2001.0782,Experiments ::: Implementation Details,1,"The default fine-tuning hyper-parameter values for BERT are used, except for the batch size, which is adjusted based on memory consumption."
1909.09018,Email classifier using machine learning ::: Machine learning approach ::: Feature selection,1,"Ngrams are sequences of three adjacent words extracted from text samples, with features selected based on their Term Frequency-Inverse Document Frequency (TF-IDF) values and filtered using the chi-squared feature scoring method."
2003.00639,Experiments ::: Overall Performance and Human Evaluation,0,The DailyDialog evaluation corpus is used because it is more complex and challenging for human judgment compared to daily conversations.
1911.02086,Evaluation ::: Training on the Speech Commands Dataset,1,The model is trained for 60 epochs using the Adam optimizer with an initial learning rate of 0.001 and a learning rate decay of 0.5 after 10 epochs.
1611.09441,Hashtag Segmentation,1,A dictionary of English words is used to recursively break hashtagged phrases into segments and match them to form a complete set of meaningful words.
1803.07828,Evaluation,0,The AKSW-bib dataset was created using information exclusively from the DBpedia knowledge graph and does not include any bibliographical data from Bibsonomy.
1810.04528,Introduction,1,"Machine learning techniques are increasingly utilized in Brazil to identify patterns, regularities, and concepts within datasets, providing assistance across various aspects of daily life."
1607.06275,Introduction,1,"Several high-quality and well-designed QA datasets, such as bAbI, the 30M Factoid Question-Answer Corpus, TREC datasets, Free917, WebQuestions, SimpleQuestions, and the CNN and Daily Mail news datasets, have limitations in data size or creation method, necessitating the need for a new large-scale real-world QA dataset."
1909.00871,Related Work ::: Word Embedding Debiasing,0,The gender subspace hypothesis assumes that there exists a linear subspace \( B \subset \mathbb {R}^3 \) that contains most of the gender bias in the space of word embeddings.
1903.00058,Conclusions and Future Work,1,"The proposed method employs n-gram retrieval with standard Inverse Document Frequency similarity and dense vector representations to account for local sentence similarities, enabling the retrieval of useful candidates for broad domain tasks with minimal train-test overlap."
1909.13184,Methods ::: Classification,1,"Latent Dirichlet Allocation (LDA) was used to extract the top five topics from a user's 1000 most recent tweets, and the mean of the weights of each topic across all of a user's tweets was calculated."
2003.07758,Experiments ::: Ablation Studies,1,The addition of two fully connected layers to a visual-only model results in worse performance compared to any bi-modal setup.
1909.13362,Discussion,1,"The total number of sounds across languages is vast but not infinite, as demonstrated by Ladefoged and Maddieson's ""The Sounds of the World's Languages"" BIBREF42."
1708.05482,Task Definition,1,"The task of emotion cause extraction involves identifying the clause within a manually segmented passage about an emotion event that contains the cause of the emotion, with each clause consisting of a specific number of words."
1911.06964,Introduction,0,The new objective optimizes for communication efficiency without any accuracy constraint.
2001.02214,Proposed Framework ::: Convolutional Spatial Attention Network (CSAN) ::: Spatial Attention Block,1,"The spatial attention block generates an attention weight map \( S \in \mathbb{R}^{t \times w \times b} \) that matches the shape of the input tensor \( M \), with layer-wise attention focusing on selecting the most discriminative features and channel-wise attention selecting the most important neighbors, both of which are complementary and optimized in a factorized manner for efficiency."
1912.06905,Conclusion,0,Dividing documents into chunks before inputting them into Doc2Vec results in a decrease in model performance.
1810.08699,Word embeddings,0,The Armenian word embeddings were trained using a dataset of 79 million tokens exclusively from Armenian Wikipedia articles.
1911.0194,Model and Method ::: Hidden Representation Extractor,0,"The HIdden Representation Extractor (HIRE) is designed to capture information from the output of the last layer of the encoder, rather than from the hidden states."
1807.08666,Experimental results,1,"BNFs trained on 10 languages outperform all other approaches, with speaker normalization providing a slight improvement."
1709.06365,Topic Coherence Evaluation,1,"The Normalised Pointwise Mutual Information (NPMI) is used to calculate the topic coherence score for topics generated by LDA, PTM, DMR, LF-LDA, WF-LDA, GPU-DMM, and MetaLDA, based on the probabilities of words and their joint probabilities within a sliding window, computed from a 5.48GB Wikipedia dump. The NPMI score for each topic is determined using the top 10 words, as calculated by the Palmetto package, with average scores and standard deviations reported over 5 random runs."
1908.10422,Conclusions and Future Work,0,The DRL agents were trained exclusively on human-generated sentences and did not encounter any randomly chosen sentences during training.
1808.03815,Introduction,1,"The paper focuses on dependency-based Semantic Role Labeling (SRL), which was popularized by the CoNLL-2008 and 2009 shared tasks."
1909.13184,Discussion,0,The majority of the false negatives in the classifier are accounts that automatically re-post other users' tweets.
1706.08032,Experimental results,0,The best prediction accuracy of the model on the STS Corpus is 90.50.
1905.13497,Winograd Schema Challenge,0,The proposed approach achieves an accuracy of 62.6% on the WSC-273 task.
1911.03681,Experiments ::: LAMA.,0,"E-BERT consistently outperforms BERT across all relations, including those with a high percentage of trivial substring answers."
1910.12795,Background ::: Gradient-based Reward Learning,1,"The equation demonstrates that the parameter \(\mathbf{\theta}'\) is a function of \(\mathbf{\phi}\), specifically expressed as \(\mathbf{\theta}' = \mathbf{\theta}'(\mathbf{\phi})\)."
1910.12129,Baseline System Evaluation ::: Qualitative Analysis,1,"The give_opinion dataset, among 9 datasets, presented the greatest challenge for the model due to its high diversity of reference utterances."
1802.06053,Corpora and acoustic features,0,"Mboshi5K corpus contains 10,000 Mboshi speech utterances aligned to French text."
1909.13362,Introduction,1,An automatic syllabifier is a computer program that divides a word into its component syllables based on the language's phonetic rules.
1906.01081,Human Evaluation,1,"Human judgments on the quality of 16 models trained for WikiBio, including reference texts, were collected through paired comparisons conducted by English-proficient workers on a crowd-sourcing platform."
1603.08868,Datasets,0,The dataset consists of six books from three different publishers.
1904.00648,Related Work,1,"Twitter datasets, such as the Million Musical Tweets dataset and the #nowplaying dataset, have been used for music recommender systems and discovering cultural listening patterns in MIR studies."
1808.10113,Multi-Source Attention (MSA),1,The knowledge context vector is calculated as a weighted sum of the graph vectors for the preceding sentence.
1703.02507,Proposed Unsupervised Model,1,"The softmax output for predicting a missing word from context is approximated using negative sampling, which significantly improves training efficiency for a large number of output classes."
1910.14076,Baselines,0,The LSTM model used for sentence classification was trained without pre-trained word embeddings.
1909.03544,Datasets ::: Prague Dependency Treebank 3.5,0,"The Prague Dependency Treebank 3.5 BIBREF4 contains entirely new texts not present in previous versions, including versions prior to 2.0."
1711.01567,Training,1,"The WGAN enhancer was trained using Algorithm ""EXPERIMENTAL SETUP"" with a clipping parameter of 0.05 and a random normal value for $\varepsilon$ with a standard deviation of 0.001. The encoder parameters were not updated with WGAN gradients for the first 3000 steps, after which a standard $n_\text{critic}=5$ was applied."
1911.0837,Results and Discussion,1,"The $C_V$ coherence was measured 64 times for each number of topics $k$ ranging from 2 to 59, and the measurements were averaged."
1911.01214,Experiments and error analysis ::: Claim validation ::: Error analysis,0,"The FEVER corpus was pre-trained on a homogeneous dataset, making it easier for the machine learning model to generalize."
1907.05403,The RASA NLU Pipeline,0,Component C is the first component in the pipeline.
1609.00559,Introduction,1,"Second-order co-occurrence vectors, which measure word similarity based on the frequencies of other words that co-occur with both words in question, have been demonstrated to be effective in quantifying semantic relatedness, particularly in scenarios with sparse data."
2004.04315,Dataset Access,0,"The collected tweets are being distributed in full, including all text and metadata, in compliance with Twitter's content redistribution policy."
2003.0838,Results,1,Applying the logit trick in the zero-shot setting yields performance that is clearly better than random.
1805.01445,Introduction,1,A model must learn data structure without overfitting on specific training patterns to achieve linguistic generalization on data outside the training distribution.
1810.04635,Multimodal Dual Recurrent Encoder (MDRE),0,The MDRE model uses the same equation EQREF2 for encoding both MFCC features and word sequences of the transcript.
1809.02494,The resource and its interest,1,The combination of survey data from a specific geographical context and another dataset creates a valuable resource for conducting general language grounding and natural language generation research tasks.
1909.07873,Proposed Attack Strategy ::: Background and Notations ::: Decoder,0,"The decoder GRU generates the next text unit at time step $j$ by conditioning only on the current decoder state $s_j$ and the context vector $c_j$, without considering the previously generated text units."
1609.02075,Geographic Locality,0,"Local covert prestige, which refers to the negative social evaluation of non-standard dialects, significantly influences the adoption of new linguistic forms."
1909.06522,Multilingual ASR ::: Graphemic ASR with WFST,1,The decoding graph in the ASR framework of a hybrid BLSTM-HMM is a composed WFST of cascade \( H \circ C \circ L \circ G \).
1806.05504,Introduction,0,The sequence-to-sequence model with attention mechanism significantly outperforms all state-of-the-art models on both the Gigaword and CNN datasets.
1912.02866,Experiments ::: Hyperparameters and Training,0,"The TPE algorithm was used to evaluate 50 hyperparameter combinations for a maximum of 50 epochs, using 700 diagrams for training and 300 for validation."
1909.13717,Introduction,1,"Transduction architectures, originally developed for machine translation, are commonly used in dialogue generation for open-ended conversations due to their ability to encode utterances into fixed-sized vector representations and decode them into variable-length sequences."
1706.0145,Implementation Details,0,The word embedding matrix is initialized with 128-dimensional GloVe vectors.
1805.09821,Introduction,1,Cross-lingual document classification allows a classifier trained on one language to be transferred to another language without requiring resources in the target language.
1807.08089,Model Implementation,1,"The phonetic encoder, speaker encoder, and decoder were implemented as 2-layer GRUs with hidden layer sizes of 128, 128, and 256, respectively, while the speaker discriminator was a fully-connected feedforward network with 2 hidden layers of size 128."
1902.09087,Introduction,1,LCNs significantly outperform state-of-the-art matching methods and other competitive CNNs baselines in both document-based and knowledge-based Chinese question answering tasks.
2003.06044,Experiments ::: Visualization,0,The revised attention mechanism strengthens the attention weights between utterances which cross the long relative distance.
1708.01065,Further Investigation of Our Framework ,0,RAVAESum-noC outperforms RAVAESum significantly when reader comments are included in the evaluation.
1908.06024,Discussion,1,"An explainable abuse detection system should aim to establish the intent of abuse, capture abusive language, and identify the target of abuse."
1702.06589,Related Work,0,BIBREF0 uses a log-linear model to directly execute queries on a knowledgebase or database without generating or ranking candidate logical forms.
2004.04435,Results ::: Performance in TFormula,1,"The integration of Clad into TFormula enables the use of automatic differentiation (AD) for fitting in ROOT, which scales better with problem dimensionality compared to numerical fitting methods."
1707.06945,Results and Discussion,1,"The cross-lingual transfer model achieves the highest average F-1 verb classification scores when transferring VerbNet knowledge from English to resource-lean target languages, demonstrating the effectiveness of cross-lingual VerbNet-style classifications across all target languages."
2004.03925,Sentiment Analysis of Twitter Messages,1,"Sentiment analysis is a rapidly expanding field that focuses on interpreting the emotional content of text, aiming to assess opinions, uncover hidden sentiments, and categorize them as positive, negative, or neutral."
1608.06111,Edge Labeling,1,"The feed-forward neural network used for edge labeling, which is similar to the one trained for the transition classifier, achieves an accuracy of 77% on the development set."
1809.08935,Introduction,1,"The paper is structured into five sections, where Section 2 addresses the problem of language level as an ordinal classification problem and discusses the available data, Section 3 covers feature extraction and engineering techniques, Section 4 details the machine learning algorithms used for prediction and presents the achieved results, and Section 5 concludes with a discussion and suggestions for future research."
1909.00105,Recipe Dataset: Food.com,1,"A dataset comprising over 230,000 recipe texts and more than 1 million user interactions (reviews) spanning 18 years from 2000 to 2018 was collected from Food.com. The dataset was filtered to include only recipes with at least 3 steps and between 4 and 20 ingredients, and users with fewer than 4 reviews were excluded, resulting in over 180,000 recipes and more than 700,000 reviews."
1910.11949,Related Work,1,"The origin of chatbots dates back to 1966 with the creation of ELIZA by Joseph Weizenbaum at MIT, which utilized pattern matching and substitution methodology."
1909.03544,Introduction,1,"A new method for calculating word embeddings has been introduced, where embeddings are generated for each word occurrence based on the entire sentence context, as opposed to traditional methods that produce a single embedding for a word by aggregating all its occurrences without considering context-specific meanings."
1906.06045,Related Work,0,"The SQuAD 2.0 dataset extends SQuAD with more than 100,000 crowdsourced unanswerable questions."
1602.03661,Discussion and perspectives,1,"The emergence of duality of patterning in language can occur simultaneously through purely cultural dynamics within a simulated environment featuring meaningful relations, as demonstrated by recent findings."
1905.07562,Experiment,1,"LGI, a language-guided thinking system, demonstrated the ability to perform a series of human-like cognitive tasks by manipulating imagined images based on verbal commands, including reconstructing a digit, rotating it, predicting its identity, enlarging it, and assessing its size, showcasing its capability to understand and interact with language and vision subsystems."
1903.09588,Exp-I: TABSA,0,"The evaluation of SentiHood exclusively focuses on the aspects of general, price, transit-location, and safety, and does not consider any other aspects."
1909.09551,"Discussion, Open Issues and Future Directions ::: Topic modeling methods and traditional methods in recommendation systems",0,Recommendation systems based on LDA can completely eliminate the data sparsity challenge in collaborative filtering systems.
1606.03676,Conclusion,1,The integration of lexical information from both external lexicons and word vector representations into tagging models could potentially improve state-of-the-art performance.
1910.12618,Experiments ::: Feature selection,1,"Feature selection procedures are applied to choose a subset of useful features for different algorithms and time series types, including the use of random forests to calculate feature importance through error increases in out-of-bag samples."
1601.04012,WordNet,1,"The English WordNet contains approximately 117,659 synsets, including 11,529 verbs belonging to 13,767 synsets and 117,798 nouns belonging to 82,115 synsets."
1802.07862,Results: SnapCaptions Dataset,1,The modality attention module improves entity type recognition performance in models that use both textual and visual contexts (W+C+V) by focusing on the most effective modality for each sample.
1709.10367,Model Description,1,"The sefe model allows embedding vectors to be specific for each group while sharing context vectors across all groups, and introduces two approaches to build a hierarchical structure over group-specific embeddings."
1503.00841,Conclusion and Discussions,0,The accuracy when the true class distribution is 1:2 and the reference class distribution is set to 1:1.5 is 0.855.
1804.03839,Introduction,1,De-biasing systems can be either end-to-end systems that transform biased text into unbiased text or systems with human-in-the-loop that provide meaningful clues for human modification to create unbiased versions.
1607.06025,Qualitative evaluation,0,The models consistently generate grammatically correct hypotheses without any issues related to indefinite articles or possessive pronouns.
1805.07882,Introduction,0,"The max-pooling scheme used in the paper preserves the word order in sentence representations, ensuring that sentences like ""Bob likes Mary"" and ""Mary likes Bob"" are treated differently."
1902.00672,Parameter tuning,1,"The parameters $\mu = 1.98$, $\delta = 0.85$, and $\lambda = 0.4$ are determined through an alternating maximization strategy of the ROUGE-SU4 score, using a leave-one-out cross-validation process on 70% of the DUC2007 dataset, with a target summary length of 250 words."
1803.02155,Relative Position Representations,0,The maximum relative position considered is clipped to a maximum absolute value of $2k$.
1710.04203,Related Work,1,"Amazon's Mechanical Turk (MTurk) is a crowdsourcing platform used for various annotation tasks, including the annotation of 1,000 tweets, 10,000 terms with gold standards, and 95 emoticons out of 1,000 total emoticons, as well as the labeling of 1,400 terms with supervised machine learning and crowd validators."
2003.09244,Other European LT Programmes ::: Estonia,0,"The third national programme, Estonian Language Technology 2018?027, is led by the Estonian Ministry of Education and Research."
1811.11365,Cycle-Consistency Loss,1,"The injection of noise into input data is a widely used technique to enhance the robustness of models, including in traditional supervised learning."
1706.02222,Gated Recurrent Neural Network,1,"The GRU, which has one fewer gating layer than the LSTM, can match the performance of the LSTM and sometimes outperforms it in terms of convergence speed."
1702.03856,Splitting words across different clusters,0,The oracle OOV rate is lower in the call-level split.
1912.03627,DeepMine Database Parts,1,"The DeepMine database is divided into three parts: the first part contains fixed common phrases for text-dependent speaker verification, the second part includes random sequences of words for text-prompted speaker verification, and the third part consists of phrases with word- and phoneme-level transcription for text-independent speaker verification using a random phrase, which can also be used for Persian ASR training."
1910.03891,Related Work,1,"TransH models a relation as a relation-specific hyperplane with a translation on it, allowing entities to have distinct representations in different relations."
1707.07554,Methodology,0,The external knowledge base (KB) INLINEFORM1 is used to enrich the semantic space INLINEFORM0 with common and frequently used words.
1603.09631,Interactive Learning Evaluation,1,"Two evaluation metrics are introduced to compare interactive learning models: the Efficiency Score measures the amount of information required by the model, and the Answer Extraction Accuracy evaluates the precision of extracting answers from user utterances."
1809.03695,Introduction,1,"The combination of word embeddings with visual or perceptual input has produced grounded representations of words, which have outperformed traditional text-only distributional models on word similarity tasks."
2002.03056,NLP Feature Reuse across TA Applications ::: Illustrative Example,1,"The study aims to develop a machine learning model to detect references to nine specific types of bio-molecular interactions within publicly accessible biomedical data, utilizing the GENETAG database for training an SVM-based classifier and evaluating the system's performance with the BioNLP 2009 shared task test-set."
1807.08204,Introduction,0,"The problem of finding the facts in the KB that best explain a query can be reduced to a $k$ -means clustering problem, for which efficient exact and approximate solutions exist."
2003.04642,Framework for MRC Gold Standard Analysis ::: Dimensions of Interest ::: Factual Correctness,1,The presence of factually incorrect or debatable examples in a benchmark sets an upper limit on the achievable performance of models on that benchmark.
1907.11062,Conclusion and future directions,0,HireNet was evaluated on a corpus containing interviews for 475 different positions in the domain of engineering jobs.
1808.10059,Related Work,1,Zero-shot learning has been applied to slot tagging by implicitly linking slot representations across domains using label descriptions of the slots.
1905.12801,Conclusion and Discussion,1,"A new method for mitigating gender bias in neural language models, involving the use of bias penalties in the loss function, has been shown to be effective and generalizable to other NLP applications."
1706.04815,Conclusion and Future Work,0,S-Net is a framework specifically designed for image recognition tasks.
1807.05154,Introduction,0,The deepest model for the task is achieved by using only character-level inputs and no contextualized word embeddings.
1901.02262,Results,1,The maximum F1 score for answer possibility classification on the ALL dev. set using MS MARCO 2.1 is 0.7893.
2001.08868,Discussion ::: Language Based Exploration,1,"A hand-tailored solution for the CookingWorld games achieved up to 91.9% of the maximum possible score across 514 test games in the ""First TextWorld Problems"" competition."
1909.00578,Related Work,0,"The proposed models achieve high correlation with human judgments, indicating that it is possible to estimate summary quality using human references."
2002.05829,Related Work,1,"The GLUE benchmark evaluates multi-task NLP models by considering their performance on multiple individual tasks, while SuperGLUE enhances this evaluation by introducing more challenging tasks and datasets, without focusing on computational efficiency."
1903.10318,Summarization Datasets,1,A greedy algorithm was used to generate an oracle summary for each document by greedily selecting sentences that maximize ROUGE scores.
1910.01108,Experiments ::: Downstream task benchmark,0,DistilBERT is 71% slower than BERT for on-device question answering on an iPhone 7 Plus.
1909.13717,Related Work,1,BIBREF47 utilized a set of handcrafted examples to generate responses through templates.
1903.04329,Zipf's law on Twitter,0,The exponent of Zipf's law increases as city size increases.
1712.03547,Proposed Method,0,The coherence measure proposed in BIBREF7 evaluates the quality of topics learned by topic modeling methods using Point-wise Mutual Information (PMI) for word pairs and has been shown to have low correlation with human evaluation of topics.
1707.07568,Annotation,1,"A given entity must be annotated with one label, and the annotator must choose the most relevant category based on the message's semantics."
1901.0101,Textual Embedding Learning,0,An average-pooling layer is applied to the document embeddings to obtain the sentence embedding.
1804.03396,Experimental Setup,1,QA4IE benchmark is evaluated on the SQuAD dataset.
1612.07486,Model capacity,0,The LSTM model's performance improves when the number of parameters is reduced by halving the hidden state size.
2002.04374,Introduction,1,"A deep learning-based articulation model was proposed to model the difficulties of Parkinson's Disease (PD) patients in stopping/starting vocal fold vibration, achieving accuracy rates between 70% and 89% when tested on speech recordings of PD patients and healthy controls in Spanish, German, and Czech languages."
1909.11297,Model,1,"A hard-selection approach is proposed in the paper to address the ABSA task, involving the detection of an opinion snippet \( O = \lbrace w_{l}, w_{l+1}, ..., w_{r} \rbrace \) within the range \( 1 \le l \le r \le N \) and using this snippet to predict the sentiment associated with a given aspect."
1802.00273,Experiments and Results,0,The model was trained exclusively on Swedish-Portuguese language pairs.
1608.01972,Conclusion,0,The semantic measure used in the PubMed relevance search framework significantly increases system overhead without improving ranking performance.
2003.01472,Introduction,1,The software described in Section SECREF4 includes several UX/UI design and engineering choices intended to facilitate the usage of the platform.
1611.02378,Building Dataset,1,"The TV series ""The Journey of Flower,"" ""Nirvana in Fire,"" and ""Good Time"" were among the most popular shows from summer to fall 2015 in China, and their reviews were collected to form a comprehensive dataset for analysis."
1708.01065,Summary Construction,1,The optimization formulation for selecting salient noun phrases (NPs) and verb phrases (VPs) from parsed constituency trees of input sentences is modeled as an integer linear programming (ILP) problem.
1911.06815,Conclusions,1,A novel BERT-based architecture was developed that surpasses standard BERT-based baselines in performance.
1908.08566,Mixed Model Back-Translation ::: Initialization Models for Summarization,1,BIBREF5 employs two distinct initialization models for their neural machine translation (NMT) and phrase-based machine translation (PBSMT) systems.
2002.10361,Data,1,"Hate speech classifiers may not generalize well across all groups of people, leading to potential bias in content moderation."
1811.09529,Materials and Methods,0,There are 5 ontologies with 345 competency questions in total.
1709.05404,Generic Dataset (Gen),0,The pattern-extraction experiments of LukinWalker13 achieved a precision of 80-90% for classifying sarcastic posts.
1805.11598,Introduction,1,"The CoNLL 2009 dataset encompasses seven distinct languages, and while its semantic label spaces are language-specific, polyglot training has proven effective in enhancing labeling accuracy, particularly for low-resource languages, without the need for explicit alignment in annotation conventions."
1909.12231,Related Work,0,SemSentSum uses three graph convolutional layers and a document encoder.
1906.01076,Introduction,0,The phenomenon of catastrophic forgetting occurs when machine learning models effectively isolate and reuse previously acquired knowledge when the data distribution shifts.
1912.10162,Creating a Greek POS Tagger using spaCy ::: POS Tagger training,0,"The dataset was split into a train set (60%), a test set (20%), and a validation set (20%)."
2001.11316,Model,0,The fully connected layer in the architecture has a size of $768\times 2$ where the first element is the hidden layers' size of BERT encoder and the second element is the number of classes.
2001.09332,Conclusion,0,The interaction between the window size and the negative sampling value is responsible for improving accuracy in the syntactic macro-area.
1709.06671,Nearest Neighbour Reconstruction,1,"The iterative estimation process using Stochastic Gradient Descent (SGD) for solving the least square problem in ""Nearest Neighbour Reconstruction"" converges after a small number of iterations, typically less than 5, due to the small size of \( k \) relative to the vocabulary size and the frequent inclusion of the word being reconstructed within the neighbourhood."
1811.05085,Unsupervised domain adaptation,0,Gaussian noise is added to both the word embeddings and shallow features in text augmentation to make the text more robust against domain shifts.
1912.03804,Data Collection & Pre-Processing ::: Pre-Processing ::: Tokenization,1,"Tokenization is a pre-processing technique that divides a sequence of text into individual units such as words, phrases, symbols, or other meaningful elements known as tokens, with the primary objective of analyzing the words within a sentence."
1605.05195,Human Labelled Dataset,1,The majority label was used as the label for tweets that were labelled the same by at least two of the three human annotators.
1705.00571,Introduction,0,BLSTMs consistently underperform SVR in sentiment analysis tasks across all financial domains and industry sectors.
1605.04278,Review,0,The annotations were reviewed using a passive editing scheme where reviewers could approve existing annotations without any explicit action required.
1908.09355,Conclusion,1,"Future work includes pre-training BERT from scratch to address initialization mismatch, potentially modifying the proposed method to aid in pre-training, designing more sophisticated distance metrics for loss functions, and investigating Patient-KD in complex settings like multi-task learning and meta learning."
1910.00825,Introduction,1,"Dialog summarization, which involves condensing multi-party conversations while retaining critical information, presents a promising area of research with applications such as automating doctor-patient interaction summaries and summarizing meetings to track project progress."
1910.03177,Experiments and Results ::: Training Settings,1,"The hierarchical NSE models truncate articles to a maximum of 20 sentences, with each sentence limited to 20 words, and shorter sequences are padded with `PAD` tokens."
1910.13215,Methods ::: Multimodality ::: Visual Features,1,"The application of a Convolutional Neural Network (CNN) to a video, with a focus on the softmax layer output, involves processing the embedding matrix to retain the 10 most probable category embeddings and set the remaining ones to zero, resulting in a representation known as ten-hot action category embeddings."
1904.09131,Mapping coherence,0,"The relatedness score between two entities \(a\) and \(b\) is calculated as \( \text{rel}(a,b) = 1 - \frac{\log (|a| \cap |b|) - \log (\max (|a|,|b|))}{\log (\min (|a|,|b|)) - \log (|K|)} \)."
1812.00382,Human agreement,1,The HAN model's errors are most strongly correlated with the standard deviation of annotators' controversy annotations.
1809.0053,CNN Encoder Implementation,1,"A one-layer CNN structure is used in the implementation for sentiment classification tasks, which has been shown to work well."
1909.12208,Discussion ::: Temporal context configuration for GSS,0,"The EM algorithm was run for 20 iterations without temporal context, followed by another 10 iterations with temporal context."
1806.04535,Puns,1,"Lessard and Levin developed an antonym-based system to generate Tom Swifties, marking one of the earliest attempts at computational humor generation."
1909.01958,Related Work ::: Math Word Problems,1,The progress in addressing open-world math questions has not been benchmarked against human performance due to the lack of reported results on standardized tests.
1604.03114,Limitations and Future Work,1,Oxford-style debates are a convenient setting for studying the effects of conversational flow.
1911.04873,Data ::: The AIM data set,0,The average length of the sequences of tokens in the datasets is approximately 100.
1904.07904,Question Answering Model,0,The QANet architecture uses only fully connected layers and self-attention mechanisms to model both local and global interactions between words.
1701.03578,Architecture for Personalized Language Model,0,"The language model was retrained exclusively on mobile devices without any data transfer, ensuring complete privacy preservation."
1911.06118,Conclusion,0,The proposed GM_KL approach outperformed all other approaches on the benchmark word similarity and entailment datasets.
1909.08211,Experiments ::: Experimental Results ::: Results: Rumor Veracity Prediction,1,BranchLSTM+NileTMRG is a pipeline method that integrates the winning systems of two subtasks in SemEval-2017 Task 8. It initially trains a BranchLSTM model for stance classification and subsequently employs the predicted stance labels as additional features to train an SVM for veracity prediction.
1910.1067,Experiments ::: Experimental Setup,1,"The proposed data-driven pre-composition method involves randomly selecting 500 utterances from an evaluation dataset for warm-up, using an empty contact Finite State Transducer (FST) in the root Language Model (LM) to prevent personalized states during warm-up decoding, and grouping multiple user utterances into virtual dialog sessions of varying lengths (one, two, or five turns) to assess the effectiveness of a private cache for storing a personalized language model."
2001.04346,Experiments ::: Ablation Analysis,0,The substantial MSE drops for (d) establish the superiority of using a convolutional neural network (CNN) as the prediction layer.
1909.13714,Methodology,1,"Intermediate CNN features were extracted for each segmented video clip from the AMIE dataset by sampling one frame per second and extracting visual descriptors from the activations of the intermediate convolution layers of a pre-trained Inception-ResNet-v2 model, generating 4096-dimensional features for each sample."
1811.09529,Introduction,0,CQ formalisation is widely published in terms of SPARQL queries.
1909.03023,Specificity,1,"The annotation scheme for specificity in student talk includes three labels on a linear scale: Low, Medium, and High, corresponding to the absence, presence of one, and presence of at least two of the following specificity elements: being specific to a character or scene, making significant qualifications or elaborations, using content-specific vocabulary, and providing a chain of reasons."
1702.06589,Experiments,1,The FC-BILIN model with CNNs achieved a state-of-the-art precision@1 of 38.7% on a specific dataset.
1612.09535,Introduction,1,"A significant amount of information is generated and shared in unstructured text form, which can be utilized in decision-making processes but requires transformation and presentation methods to enhance its intrinsic knowledge."
1809.015,Results,0,The experiment exclusively utilized a random forest classifier with a linear kernel for the baseline model.
1911.0177,Experimental Setup and Results,0,"BIBREF19 used 254,238 samples for their effective training set and 54,565 and 54,885 samples for the validation and testing sets, respectively."
1910.07601,Analysis,0,The CJFA encoder generates less meaningful embeddings than the other two approaches.
1705.07368,The Mixed Membership Skip-Gram,1,The mixed membership skip-gram model is strictly more representationally powerful than the skip-gram model when the number of shared vectors equals the number of words.
1610.03955,Text Segmentation,1,The TextTiling approach for open-domain dialogue session segmentation is enhanced with modern advances of word embeddings to capture word semantics.
1908.07822,Experiment ::: Results,0,MCDN increases F1-score by 15.2% compared with the existing best systems $LS \cup KLD \cup CONN$ and $KLD \cup LS \cup LS_{inter}$.
1607.0041,Adaptation to food domain captioning,0,The top twenty frequent words in the food and non-food domain datasets are identical except for the stop words.
1607.07514,The Combined Model,0,"The CNN-LSTM encoder-decoder model uses a single LSTM layer to encode the sequence of features extracted from CNN, which is then directly fed into a fully connected layer without any intermediate processing."
1912.01772,Introduction,0,"The process of documenting an endangered language always includes the transcription of all audio and video recordings, ensuring that every segment is linguistically salient for publication or culturally significant for the creation of community resources."
1908.10422,Sentence and Dialogue Clustering,1,"Chatbots require clustering techniques that can handle unlabeled data from human-human dialogues in raw text and are scalable to process a large number of data points, particularly sentences, which vary significantly due to their open-ended nature."
1807.07961,Bi-sense Embedding,1,"FastText is utilized to initialize emoji embeddings by treating each emoji as a unique word alongside word embeddings, resulting in two distinct vectors for each emoji: one representing the emoji in positive sentimental contexts and the other representing it in negative sentimental contexts, both derived through the same FastText training process."
1910.07601,Model Architecture ::: Proposed Model Architecture,1,"The audio signal is divided into a sequence consisting of a left neighbor segment, a target segment, and a right neighbor segment. In the first method, the combination of the left and right neighbor segments is fed into a VAE model to predict the target segment, while in the second method, the target segment is input to a VAE model to predict the neighbor segments."
1910.11204,Introduction,1,"The paper focuses on analyzing the relationship between syntactic dependency information and Semantic Role Labeling (SRL) performance, investigating four aspects: the quality of syntactic information, the representation of syntactic dependencies, the incorporation of syntactic information into the SRL model, and the relationship between syntactic dependencies and other external resources."
1912.01252,Introduction ::: Objective,1,"The paper introduces data analytics components for social media monitoring and facilitation, developed within the context of an anonymized infrastructure project, which are made available as open web services to support reproducibility and further experimentation."
1910.11235,Related Works,0,SeqGAN BIBREF8 was the first model to introduce adversarial training into language modeling.
1809.08386,Byte-level NN model,0,"The word NN model uses a CNN layer with 50 filters, a filter size of 5 characters, a filter stride of 2 characters, and a sigmoid activation function to get character embeddings."
1705.00108,Analysis,0,The TagLM formulation significantly improves performance by 0.15% compared to the baseline model when the second RNN layer hidden dimension is increased.
1708.05592,Introduction,1,"Several attempts have been made to integrate future context information into recurrent neural network language models, including the use of bidirectional RNNLMs, which have shown consistent and significant performance improvements over unidirectional RNNLMs in various speech recognition tasks."
2003.03014,Results ::: Vermin as a Dehumanizing Metaphor ::: Quantitative Results,0,The association between vermin and the label homosexual significantly changes over time.
1612.09535,Related Work,1,"Named entity recognition and classification algorithms are distinguished by three factors: language, textual genre or domain, and entity type, with the entity type including proper names of persons, locations, and organizations, as well as miscellaneous categories and numeric expressions like time, date, money, and percentage."
1703.1009,Introduction,1,"Clinical natural language processing (NLP) techniques for analyzing free text reports in clinical settings have advanced more slowly compared to biomedical NLP, primarily due to the sensitive nature of clinical data and concerns about patient privacy."
2003.07758,Proposed Framework ::: Captioning Module ::: Feature Transformer ::: Dot-product Attention,0,"The scaled dot-product attention is calculated by scaling the dot-product of each pair of columns of queries and keys by $\frac{1}{\sqrt{D_k}}$, which helps prevent the softmax function from being in the small gradient regions."
2001.01798,Experiments ::: Supervised Domain Adaptation with AT/S Learning,1,"The IT/S model with \( w = 0.2 \) achieves a 13.95% Word Error Rate (WER) on the HK speaker test set, representing relative improvements of 25.5%, 7.0%, and 0.8% over the close-talk, far-field, and token-level T/S adapted AED models, respectively."
1707.06945,Further Discussion and Future Work,0,The current work has effectively addressed the problem of verb polysemy.
1911.00202,Discussion,1,"The best-performing model exhibits the lowest cosine similarity at most steps, with the only exception being between 0-1K steps, while fine-tuning maintains relatively high similarity throughout."
1907.01468,Annotation,0,Expert annotators are always required for concepts from highly specialized domains.
1911.00133,Methods,1,"The UTC timestamp of a post, the ratio of upvotes to downvotes, the net score of the post calculated as the difference between the number of upvotes and downvotes, and the total number of comments in the thread are social media features."
2002.08795,Exploration Methods,0,"The agent always successfully escapes local optima by exploring from the buffer of states and admissible actions, without ever needing to refresh the training process."
1911.06191,Submitted Systems ::: German@!START@$\leftrightarrow $@!END@French,1,"German-to-French and French-to-German translation tasks utilize a bilingual dataset composed of ""commoncrawl"", ""europarl-v7"", and a portion of ""de-fr.bicleaner07"" filtered by filter_interactive.py, along with 20 million monolingual sentences each for French and German sourced from newscrawl. The data preprocessing and training procedures are identical to those described in Section SECREF17. The dataset is divided into a validation set containing 9,000 sentences from ""dev08_14"" and a test set comprising the remaining sentences."
1907.02636,Sequence Representation Layer,0,"The multi-head self-attention module in the encoder part of Vaswani et al. BIBREF14 consists of a stack of several identical layers, each of which includes a multi-head self-attention mechanism and two convolutions with kernel size 3."
1703.03097,Supervised Contextual Classifier,1,"A supervised machine learning classifier, such as a random forest, is trained with 12 to 120 labeled annotations for each attribute, and this trained classifier is then used to classify additional annotations in new data."
1908.10461,Introduction,0,Adding dependency relations as features consistently outperforms a sequential BiLSTM architecture across all languages in cross-lingual semantic parsing tasks.
1908.00153,Methods,1,"Botometer scoring and manual scoring of accounts are both conducted on a scale of 0 to 5, with higher scores indicating a higher likelihood of the account being a bot."
1809.01341,Related Work,0,"MKBE is the first approach to use numerical, text, and image data as auxiliary features in a unified model."
1909.10012,Profile Attribute Analysis ::: Political Handles,0,"The most changed attribute among the political handles is the username, followed by the display name."
1809.01541,MSD prediction,1,"The multilingual fine-tuned setup for Spanish achieved an average MSD-prediction accuracy of 66.59%, while the monolingual setup for French achieved an accuracy of 65.35%, both surpassing the accuracy of the main task, indicating the challenge of generating the correct surface form even when the morphosyntactic description is correctly identified."
1804.11297,Data preparation,1,"The Buckeye BIBREF11 dataset, used in the ZeroSpeech 2015 challenge, consists of American English casual conversations recorded in a laboratory, divided into 12 speakers for training and 2 speakers for testing, with no overlap or speech noises, and includes a Voice Activity Detection file to identify utterance boundaries and discard silence portions."
1911.03894,Evaluation ::: Part-of-speech tagging and dependency parsing,0,"GSD BIBREF30 is the largest treebank available for French, containing data from blogs, news articles, reviews, and Wikipedia."
1809.0053,Introduction,1,"Cross-domain sentiment classification research aims to transfer knowledge from a source domain with sufficient labeled data to a target domain with limited or no labeled data, reducing the need for extensive annotation in the new domain."
1907.11907,System Description,0,"Nefnir uses suffix substitution rules derived from the DMII to lemmatize tagged text, specifically transforming the suffix from ur to ar."
1806.04524,Related Work,1,"The problem focuses on word selection for fill-in-the-blank question generation without multiple-choice answers, rather than on distractor generation."
1910.1067,Architecture and Algorithm ::: Pre-composition algorithm for class language models,0,The decoding FST in the implementation has a single-layered cache and state table.
1907.01413,Data Selection,1,"A simplified phonetic segment classification task is defined with four classes corresponding to distinct places of articulation: bilabial and labiodental phones, dental/alveolar/postalveolar phones, velar phones, and alveolar approximant /r/."
1911.03597,Experiments ::: Case Studies,0,"The sampling temperatures for the baseline and multilingual models are set to 0.31 and 0.47 to control the Distinct-2 and the inverse Self-BLEU, respectively."
1702.02363,Constructing Gazetteers,0,"The Turkish language has an abundant amount of raw texts related to the domains of ""American football"", ""cricket"", and ""ice hockey""."
1708.00111,Introduction,1,"The proposed training procedure, which introduces a continuous approximation of the beam search decoding process to form a sub-differentiable surrogate objective, significantly improves performance on Named Entity Recognition and CCG Supertagging tasks compared to cross-entropy trained greedy decoding and cross-entropy trained beam decoding baselines."
1708.01776,Related Work,1,"Datasets have often accelerated the advance of machine learning in various areas, including computer vision, natural language, and reasoning."
1901.03253,Introduction,1,"Humor has been extensively studied across over 20 academic disciplines, including computer science, where algorithms have been developed for detecting, analyzing, and generating humorous utterances."
1706.0145,Implementation Details,1,"The encoder in the proposed model indexes all words present in the dataset, while the decoder vocabulary is limited to the top 100 most frequent words from the gold questions in the training data, prioritizing the generation of common words and allowing the copying of less frequent words from the document."
1611.03599,Settings,1,The macro-average f-score was chosen as the evaluation metric for overall performance due to the severe imbalance in the experimental dataset and the importance of minor-class posts in stance classification for further applications.
1908.10149,Introduction,0,The re-ranking step in the augmented CRISP cycle can improve a QA system that provides a top-5 ranking of answer candidates.
1610.07809,Introduction,0,The text cleaning through document logical structure detection significantly improves keyphrase extraction performance by 50%.
2003.08529,Experiments ::: Experimental Results ::: SST-2,1,The sentiment classification accuracy on SST-2 using the BERT model from GluonNLP is 92.66% without down-sampling.
1903.09722,Datasets,1,"The WMT'18 English-Turkish dataset consists of 208,000 sentence-pairs without filtering, and a BPE code with 32,000 merge operations is learned for the Turkish target vocabulary."
1602.08741,Determining optimal corpus size,1,"The Word2Vec model, when trained with a vector size of 600 on a 15-day Twitter corpus containing 580 million tokens, achieved the highest correlation of 0.59 with the HJ-dataset."
1710.10609,Results,1,"Table TABREF25 presents qualitative results on a dataset, where Column 1 contains clusters of utterances in the customer domain and Column 2 contains clusters of utterances in the agent domain."
1707.05853,Introduction,1,DST systems that directly operate on ASR output and do not rely on a separate SLU module have been proposed as a solution to error propagation in modular architectures.
1910.10324,Iterated Feature Presentation,0,A 24-layer network with feature re-presentation after the 15th layer is used in the overall architecture.
1702.06777,Conclusions,1,"The synchronic variation of Spanish in social media posts can be categorized into two distinct clusters: one characterized by a higher number of lexical items and found in large cities, and the other associated with rural areas, including villages and less industrialized regions."
1905.12516,Hate speech and abusive language datasets,1,"BIBREF9 compiled a dataset of 16,849 tweets labeled as racism, sexism, or neither, with the majority of sexist tweets pertaining to debates over an Australian TV show and the majority of racist tweets being anti-Muslim in nature."
1905.06566,Introduction,0,Hibert is a supervised method for pre-training hierarchical bidirectional encoder representations from Transformers.
1608.01972,Word Embeddings and Other Experimental Setup,1,"BM25, with parameters set to INLINEFORM0 and INLINEFORM1, demonstrates competitive performance among document ranking functions and outperforms co-occurrence based word embedding models."
1908.06893,Experimental Methodology ::: Experimental Setup ::: Customization of Malicious Intent,0,The training models were constructed using a fixed percentage of 20% phishing emails and 80% legitimate emails from their respective datasets.
1905.07791,Routing To Experts or Crowd,0,A system trained on data labeled exclusively by experts achieved higher precision and recall compared to a system trained on data labeled by crowd annotators.
1811.01088,Introduction,0,The Supplementary Training on Intermediate Labeled-data Tasks (STILTs) approach directly improves the robustness and effectiveness of the target task model without requiring a second stage of pretraining with data-rich intermediate supervised tasks.
1904.05527,Where Is English Used?,0,The final deduplication stage removes texts in different languages that occur in the same country.
1910.01992,Training Self-Normalizing very deep CNNs,1,"The non-self-normalizing phenomenon in the SNDCNN-50 neural network becomes significant only after the 46th layer, where the mean is almost 0 and the variance is close to 1, but the subsequent layers show worse performance."
1804.08,Analysis,0,The cosine similarity between each pair of fine-grained types is always 1.
1909.00154,An experiment with mode choice ::: The Swissmetro dataset,0,"The Swissmetro dataset includes survey data collected on trains between Zurich and Lausanne, Switzerland, in February 1998, with 10469 responses from 1188 individuals used for analysis."
1908.02402,Related Work,0,End-to-end task-oriented dialogue systems do not require retraining when the knowledge base is updated.
1911.03324,Experiments ::: Experiments on WikiRef ::: Settings,0,The threshold is fixed at 0.5 for all datasets to achieve the highest Rouge-2 F1 score.
1709.10367,Introduction,1,"Two methods are proposed to share statistical strength among embedding vectors: hierarchical modeling assumes group-specific embeddings are tied through a global embedding, and amortization considers individual embeddings as the output of a deterministic function of a global embedding representation."
1910.11949,Introduction,0,"The most common form of dementia is Alzheimer's disease, which contributes to 40?0% of cases."
1603.03876,Background: Variational Autoencoder,1,"The conditional distribution \( p_\theta (\mathbf{x}|\mathbf{z}) \) is modeled using a highly non-linear and flexible function approximator, such as a neural network, to estimate the probability of \(\mathbf{x}\) given the latent variable \(\mathbf{z}\)."
1610.09516,Introduction and Motivation,0,The teenage rapper from Illinois was killed after posting a tweet that linked to a video of him peacefully conversing with a rival gang member.
1806.02908,Preprocessing tasks,0,The preprocessing step PPO-11-LWTN-CoAcBkPrCm involves converting the text to uppercase instead of lowercase.
1707.07048,Separate Optimization v.s. Joint Modeling,0,"The 6 $\cdot $ 4 structure has fewer nonlinear layers compared to the 10 $\cdot $ 0 structure, which is why it performs worse in the speech recognition task."
1709.04491,Results,0,The recall of the router dataset was significantly better than the speaker and computer datasets.
1908.02402,Related Work,1,End-to-end task-oriented dialogue systems that extend the Seq2Seq architecture adopt a copy mechanism to incorporate information from the knowledge base into generated responses.
1608.06378,Task Definition and Contributions,0,The proposed model achieves perfect scores on the TOEFL listening comprehension test.
1909.03464,Subspace Alignment,1,The classifier trained on 2017 data to distinguish red from blue would perform poorly on 2018 data due to changes in the meaning of words like 'Bert' and 'Elmo'.
1807.07961,Word-guide Attention-based LSTM,1,"The Word-guide Attention-based LSTM with Bi-sense emoji embedding (WATT-BiE-LSTM) model uses a fully-connected layer with ReLU activation for the attention function, concatenates the attention vector with the word embedding to form the new input for the LSTM, and employs binary cross-entropy loss as the objective function for sentiment analysis."
1708.05873,Estimation of topic models,1,"The 16-topic model, selected for having the largest positive residual in a linear regression fit, offers higher exclusivity while maintaining the same level of semantic coherence as other models."
1912.06203,Experiments,0,"The CUB bird dataset contains 9,000 training images and 3,000 test images, with each image having 15 corresponding text descriptions."
1903.07398,Model Overview,0,The Tacotron 2 model generates mel spectrograms using a Transformer-based architecture.
2002.08795,Appendix ::: Zork1,1,"Zork1, one of the earliest text-adventure games, significantly influenced later games through its narrative style and game structure, and is recognized as a dungeon crawler where players explore a large world to collect treasures, with rewards provided for both treasure collection and achieving important milestones necessary for further exploration."
1907.09369,Introduction,0,"Ekman's 6 basic emotions include happiness, sadness, anger, fear, surprise, and disgust, which are universally recognized across all cultures."
1709.05563,Twitter,1,"BIBREF29 analyzed tweets related to political actors during the 2014 European Parliament elections, considering language, national distribution, and social media usage dynamics, and identified both national and Europe-wide debates, with positive sentiments correlating with pro-integration attitudes and negative sentiments with national and anti-integration attitudes."
1707.07212,Forecasting Contest Outcomes,0,The classifier can automatically detect negative veridicality predictions about a candidate winning a contest.
2002.05058,Discussion and Conclusion,0,The model fine-tuned with strong and weak supervision examples and human preference annotations outperforms BERT in correlating with human judgment.
1902.09314,Model Analysis,0,The model size of AEN-GloVe-BiLSTM is less than that of AEN-GloVe.
1611.04234,Word Segmentation Representation,1,"Word segmentation significantly enhances the performance of Chinese Named Entity Recognition in social media, as demonstrated by studies conducted by Peng and Dredze in 2015 and 2016."
1904.03288,NovoGrad,1,"NovoGrad, an optimizer similar to Adam, computes second moments per layer instead of per weight, which reduces memory consumption and enhances numerical stability."
1601.06081,Related Work,0,"The authors hypothesize that deceptive business entities can be recognized by their ability to distort the distribution of review rating scores, leaving ""distributional footprints"" behind, without any need for collusion with other users."
1910.10487,Appendix ::: Layer Dimensions,0,The HRED model uses a GRU encoder size of 400 and a decoder size of 200.
1708.01464,Phoneme Embeddings,1,"The phoneme embedding space structure contributes to the models' excellent performance on WER 100, as the models often assign higher probabilities to guesses similar to the correct pronunciation, even if the initial prediction is incorrect."
1801.07887,Oracle Results,1,Decreasing the window size parameter in stopping methods can mitigate the performance degradation caused by larger batch sizes.
1905.01347,Gender Annotation,1,"A continuous gender representation model, which assigns values between 0 and 1 and classifies individuals as either male or female based on a 0.5 threshold, achieves an accuracy of 91.00% when tested on the APPA-REAL dataset with enhanced annotations. However, the model demonstrates uneven error distribution, particularly in younger and older age groups and among individuals classified with a female gender label."
1909.07512,Procedures ::: Topic Evaluation,1,"A Naïve Bayes Algorithm was applied to a dataset of 200,000 headlines to develop a word-category co-occurrence model, and the top 200 most relevant words for each category were identified to construct a topic table."
1906.01183,Introduction,1,"Named entity recognition (NER) is a sequence tagging task that extracts continuous tokens into specified classes such as person names, organizations, and locations."
1702.06777,Single-concept case,1,"A minimum threshold of 5 tweets per cell is imposed to reduce noise-related fluctuations in the maps, and increasing the threshold to 10 tweets improves the visibility of the north-south bipartition."
1805.04033,Standard for Human Evaluation,0,"The summary is considered good if it is understandable, relevant, and correct according to the source content."
1908.08419,CRF-based Word Segmenter,1,"The K-means clustering algorithm is used to divide EHR characters into a specified number of clusters, where characters within the same cluster exhibit higher similarity, and the algorithm iteratively classifies characters into the nearest cluster based on their distance to the mean vector, recalculating and adjusting the mean vectors of these clusters until convergence, thereby highlighting differences between adjacent characters."
1907.0203,Related Work,1,Traditional text clustering methods using TFIDF and clustering algorithms are poorly suited to the problem of clustering and comparing short texts due to the data sparsity problem with Bag-of-Words (BoW) models.
1701.00185,Short Text Clustering,0,Banerjee et al. BIBREF3 proposed a method of improving the accuracy of short text clustering by incorporating semantic knowledge from an ontology into text clustering.
2001.11268,DISCUSSION ::: Limitations,0,The addition of 100 SQuAD domains resulted in training time increases of five hours.
1904.12087,Conclusion and Future Work,1,"A deep learning approach, specifically utilizing BERT, achieved the highest performance in the CLI shared task, marking the first instance where a deep learning method outperformed traditional machine learning techniques in one of the VarDial shared tasks."
2003.05377,Methods ::: Proposed Approach,0,The proposed approach involves converting the song lyrics into uppercase before cleaning the text and generating vector representations.
1907.04072,Related Work,0,Zhang et al. BIBREF14 classified multitask learning models into six types and reported the characteristics of each approach.
1908.09156,Five views on anomaly ::: Anomaly as irregularity,0,BIBREF9 identified cliques of users on Twitter who consistently shared news from different domains.
1908.1186,Related Works ::: Architecture Improvements for Aspect-Target Sentiment Classification,1,"BIBREF8 proposed Attention Encoder Networks (AEN), which split Multi-Head Attention (MHA) layers into Intra-MHA and Inter-MHA layers to model target words and context differently, resulting in a more lightweight model compared to the transformer architecture."
1602.07563,The Friedman-Nemenyi test,1,"The Nemenyi test calculates the critical distance between any pair of classifiers, and the performance of two classifiers is considered significantly different if their average ranks differ by at least this critical distance."
1806.09652,Conclusion,0,The neural network procedure described in the paper utilizes a Siamese BiRNN encoder with LSTM as the activation function to extract parallel sentence pairs from a parallel corpus.
1706.08032,Introduction,1,"Deep learning models, unlike traditional machine learning methods, automatically extract features during training, and Convolutional Neural Networks (CNNs) and Long Short-Term Memory (LSTM) networks have been shown to be effective for sentiment analysis, with CNNs particularly useful for extracting information and feature detectors from texts and LSTMs effective for maintaining word order and context."
1711.04964,Ablation Studies,1,"The combination of DF and MR in the DFN model results in a statistically significant performance improvement compared to individual components, as evidenced by the experiments detailed in Table 5."
1702.02363,Conclusion and Future Research Directions,0,The Turkish NER and TC corpora are composed of Wikipedia texts annotated and categorized based on entity and domain information extracted from Wikipedia.
1909.0927,Related Work,0,"Grave14 introduced named entity classification as an instance of PU learning, addressing the problem of identifying and typing named entities."
1905.13497,Winograd Schema Challenge,0,"The proposed method achieves an accuracy of 63.3% on the WSC-273 task, which is nearly 3% higher than the previous best result."
1809.03449,Model Comparison in both Performance and the Robustness to Noise,1,"KAR's performance on the development set and the test set is comparable to that of the top 20 single MRC models from the SQuAD 1.1 leaderboard, while it significantly outperforms these models on the adversarial sets."
1609.04186,The Large Scale Translation Task,0,SA-NMT outperformed GIZA++ in word alignment tasks as shown in Table TABREF30.
1904.09535,Conclusion and Future Work,0,"NeuronBlocks is a DNN toolkit specifically designed for computer vision tasks, not NLP tasks."
1909.04181,Experiments ::: APDA@FIRE2019 submission,0,"The second submission for age uses BERT_EXT models, which are specifically designed for age prediction."
1912.00423,Method ::: Challenges,0,RDF easily supports streams and returns only new results since the last query.
2003.12218,Results ::: NER Annotation Results,0,"The method can identify ""pylogenetic"" as a coronavirus."
1901.00439,Dataset,0,The longest tweet consists of 270 words.
1904.00648,Related Work,1,"Music Information Retrieval (MIR) is an interdisciplinary field that utilizes tools from disciplines including signal processing, musicology, machine learning, and psychology to extract knowledge from musical objects, which can include audio and text."
1605.08675,Results,0,The experiments and final assessment were conducted using the English Wikipedia as the knowledge base.
2001.08845,Discussion and Conclusion,0,"According to King et al., Collective Action Potential is the key determinant of a blogpost getting censored, and it is intuitive to relate a higher average use of nouns to a post that calls for action."
2001.08845,Datasets ::: Using Zhu et al. (2003)'s Corpus,0,"Zhu et al. collected over 2 million posts from 3,500 non-sensitive users during a 2-month period in 2012."
2003.08769,METHODOLOGY ::: DATA PRE PROCESSING ::: To Remove Images with People,1,"Images with people, including those showing people holding or eating food, are excluded from the database using descriptive labels provided by the Clarifai General Model."
1910.03943,The Proposed Framework,1,"The model employs distinct projection layers for various hotel/item attributes, allowing for the learning of independent embedding vectors representing different facets of a property, as well as an enriched, unified embedding for each hotel."
1911.0168,Experiments,1,The word level prediction using contextual information has the major contribution to the model performance.
1910.14497,A Probabilistic Framework for Bias Mitigation ::: Nearest Neighbor Bias Mitigation,1,The effectiveness of geometric bias mitigation in eliminating indirect bias in word embeddings is demonstrated to be insufficient when evaluated using the neighborhood metric.
1611.00514,i-Vector Features,0,The i-vector extractor used in the speaker recognition system is 2048-dimensional.
2004.0182,Background ::: Existing Sources of Cyberbullying Data,0,BIBREF8 labeled individual messages instead of full message reply threads.
1911.09241,Introduction,0,The study demonstrates that replacing context and question words with POS tags and ID numbers ensures that a model requires deep understanding of texts to answer correctly.
2002.04745,Optimization for the Transformer ::: The learning rate warm-up stage ::: Results and discussions,0,The model trained with Adam optimizer without the warm-up stage can achieve a BLEU score of 34.
1906.06045,Introduction,1,"A pair-to-sequence model is introduced to capture interactions between questions and paragraphs by separately encoding the input question and paragraph, performing attention-based matching, and using context-aware representations to generate outputs, incorporating a copy mechanism to facilitate the use of context words during the generation process."
1909.08211,Experiments ::: Further Analysis and Discussions ::: Ablation Tests,0,Replacing the GRU layer with a CNN that captures local temporal information improves the performance of the Stance-Aware RNN for veracity prediction.
1705.09665,Community-type and user tenure,1,"There is a significant positive correlation between a community's dynamicity and the average number of months a user stays in that community, as indicated by Spearman's correlation coefficient of 0.41 with a p-value of 0.001."
1706.02222,LSTM Recurrent Neural Tensor Network (LSTMRNTN),0,The Long Short Term Memory Recurrent Neural Tensor Network (LSTMRNTN) applies the tensor product operation between the current input and the next hidden layer to calculate the current memory cell.
1801.03615,Morphology and MT,0,The neural inflection model was the first attempt to integrate inflection modeling into a Neural Machine Translation (NMT) architecture.
1909.05438,Table-Based Semantic Parsing,1,"Back-translation, quality control, and MAML incrementally improve the accuracy in the experiments."
1908.05763,Perturbation Study ::: Character Level Perturbation Operations ::: Word Level Perturbation Operations,1,"The character level perturbation operations include inserting, swapping, and duplicating characters, with the number of characters to transform being randomly selected from 1 or 3."
1712.03556,Related Work,1,A single-step model matches the question and document only once to produce the final answers.
1611.01116,Experiments,0,"The best results for the Binary PV-DM models were obtained with a large, two-sided context window."
1905.1226,Introduction,1,Multilingual word embeddings enable a classifier trained on English data to generalize to other languages and improve performance on monolingual tasks.
1908.08917,Contributions of the Croatian group,1,"Finka and Laszlo emphasized lemmatization over stemming in their 1962 paper, proposing the use of an ""inverse dictionary"" for moderately precise hard-coded stemming."
1908.08917,Conclusion,0,Matković proposed the use of word bigrams for alignment in his dissertation from 1964.
1705.01265,Introduction,1,Word embeddings are dense vectors that project words or short text spans into a vector space where dimensions capture text properties.
2002.00652,Introduction,1,"A grammar-based decoding semantic parser with adapted context modeling methods achieves state-of-the-art performance on two large complex cross-domain datasets, SParC and CoSQL, with significant improvements."
1909.0256,Experiments ::: Adversarial Training,1,"Adversarial training enhances model robustness, as evidenced by the fine-tuning process where models are trained with a combination of original and adversarial examples, with adversarial examples constituting approximately 10% of each batch."
1802.05322,Data collection,1,"The paper utilizes 7000 text reviews from the 'train' folder of the Large Movie Review Datasets website, with an equal number of positive and negative reviews."
2004.01694,Conclusion,0,Professional translators are not required for assessing human-machine parity in MT evaluation.
1708.05873,Explaining the rhetoric,0,"The figure indicates that the discussion of Topic 7 consistently increases with population size, showing no decline for countries with populations exceeding 300 million."
1803.03786,Model,1,"The neural network is trained using the initial 50 symbols of the title and the content of the news, with a training duration of 20 epochs. The classification is determined using a sigmoid activation function, and the Adam optimizer is employed for training. The network is provided with word embeddings constructed earlier using the word2vec model."
1906.01946,Conclusion,0,A highly-accurate model that generates politically sensitive text cannot be created easily.
2003.06044,Experiments ::: Datasets,0,The author claimed that they achieved 95.2% accuracy with pre-trained word embedding (fine-grained embedding) on the standard test sets.
1908.08419,Experimental Results,0,"Jieba's Recall significantly increases when using the external dictionary, while LTP's Recall remains unchanged or even improves when joining the domain dictionary."
1604.08504,Dataset,1,"The Chinese Weibo dataset, after preprocessing, consists of 2197 legitimate users and 802 spammers, while the English Honeypot dataset contains 2218 legitimate users and 2947 spammers."
1911.12722,Introduction,0,"Section SECREF2 reviews related work, both in terms of related resources and work on computational modeling of fine-grained opinions, and also discusses future directions of research."
1604.07236,Datasets,0,The tweets in TC2014 and TC2015 were categorized by city instead of country.
1909.01093,Case Study - Starbucks Controversy,0,"The Starbucks event was captured in the system on April 12th, two days after the event occurred."
1805.09959,Conclusion,1,Context classifiers can be used to identify diagnostic tweets related to the experiences of breast cancer patients.
1604.00117,Model,0,The CoNLL evaluation script BIBREF24 is used to calculate the precision score for evaluating slot-filling models.
1602.07618,...in the beginning was ⊗\otimes ,1,"Von Neumann's formalization of quantum theory, despite being widely used, was not favored by its creator, von Neumann himself."
1811.11136,Introduction,0,The Satis Group Crypto Research report indicates that only 19% of ICOs launched since 2017 have been scams.
2002.01861,Approach ::: Datasets,1,"150 regulatory filings were collected and manually annotated, divided into training, validation, and test sets with a 6:2:2 split, resulting in a test corpus of 30 filings."
1708.0412,The Architecture,0,"CNNs are used in all stages of the network because they are faster and more efficient than LSTMs, especially in processing sequential data like tables."
1807.07279,Conclusion,0,The proposed approach successfully handles polysemy perfectly without any limitations.
1703.1009,Introduction,1,"Clinical natural language processing (NLP) aims to develop computational methods for analyzing and extracting knowledge from free text clinical reports, which are recognized as valuable sources of information for both clinical practice and medical research."
1904.02815,Related Work,1,Word-based models outperform audio models in topic prediction tasks.
1702.02363,Evaluation Results for Fine-Grained Annotations,0,FIGER is specifically designed to solve fine-grained NER in Turkish.
1910.14076,Testing Dataset,0,The text states that there are only one or two samples available for each rare sense in the dataset.
1808.03815,CoNLL 2008: Augment the Model with Predicate Identification,0,"The F1 score on predicates identification and labeling of the model is 90.53%, which is comparable with the most recent work BIBREF15 (89.43% F1)."
1711.06288,Experiments on Oxford-102 Flower Dataset,0,"The image encoder consists of 2 deconvolutional layers, each followed by 2 convolutional layers, to upsample the fusion feature map to the target image space of $256\times 256\times 3$."
1910.11235,Experiment ::: Datasets,1,"The EMNLP2017 WMT News dataset, available on the benchmarking platform BIBREF21 for text generation models, consists of 195,010 sentences for training, 83,576 sentences for validation, and 10,000 sentences for testing, with a vocabulary size of 5,254 and an average sentence length of 27."
1906.09777,Tensor and Block-Term Tensor Decomposition,1,"Block-Term Tensor Decomposition (BTD) allows a high-order tensor to be decomposed into multiple block terms, each involving a core tensor and factor matrices, using a combination of CP decomposition and Tucker decomposition methods."
1807.11714,Introduction,1,"Counterfactual data augmentation is a methodology designed to reduce bias in neural NLP tasks by creating matched pairs of training instances where the targeted words are replaced with their counterparts, ensuring that the ground truth remains unchanged and independent of the target distinction."
1706.06894,A Stance Detection Data Set,0,"Two tweet datasets in Turkish, each containing 500,000 random tweets, were compiled for a previous study on public health-related tweets."
1907.00937,Data,0,"The training data consists of 650 million query-product pairs, which were sampled from 54 billion pairs over a 1-month period."
1811.01299,Introduction,1,"Approximately 32 million adults in the United States are unable to read, representing about 14% of the entire adult population."
1608.01884,Winograd schemas as the basis for challenges for machine translation programs,1,33 out of 144 Winograd schemas from the collection available at http://www.cs.nyu.edu/faculty/davise/papers/WinogradSchemas/WSCollection.html can be plausibly converted to a form involving groups of people rather than individuals.
1904.07904,Experiment Setup,1,FastText is used to generate embeddings for all words from both Text-SQuAD and Spoken-SQuAD datasets.
1905.07562,Architecture,1,The prefrontal cortex (PFC) subsystem was trained independently after the visual and auditory systems had completed their functionalities to simulate the earlier maturation of these systems in human brain development.
1901.0528,Related Work,0,BIBREF5 zhou-xu2015 introduced the first syntax-agnostic model for span SRL using bidirectional LSTMs with constrained decoding.
1912.05066,Results ::: Sentiment Analysis,0,"The single-label classifiers SVM, Naive Bayes, and Elman RNN can be directly evaluated using the ""Hamming Loss"" metric for multi-class classification tasks."
1908.05828,Discussion,1,Neural networks can be utilized to train models for downstream NLP tasks such as Named Entity Recognition in the Nepali language.
1907.10676,Open MT Challenges,0,Most MT systems exhibit poor performance on law and the legislative domains due to the lack of training data.
1801.02073,Introduction,1,"The QASent dataset, created by wang:07a, consists of 277 questions and is commonly used for benchmarking the answer selection task."
1703.06492,Evaluation Metrics,0,"In the multiple-choice task of the VQA dataset, an answer must be selected from 25 candidate answers."
1905.05644,Meta-Learning,1,"Metric-based methods involve learning a metric space to compare low-resource testing samples to rich training samples, with representative works including Siamese Network, Matching Network, Memory-augmented Neural Network (MANN), Prototype Net, and Relation Network."
1907.0854,Query Results,1,"The Twitter API allows the collection of up to 3,200 past tweets per user for analysis."
1904.02815,Model Architecture,1,"The dialog representation is obtained by encoding utterance embeddings sequentially using a second single-layer BiLSTM, and the bidirectional concatenated hidden state corresponding to the last utterance is used for prediction through a linear layer followed by softmax activation."
1909.12079,Experiments ::: Setup,1,"The hidden layer sizes of the two layers of BiLSTMs are both set to 250, and the size of the two hidden layers in the three-layer MLP is set to 500 each."
1804.05253,Introduction,0,"The paper presents four contributions, including a detailed investigation of irony markers in social media."
2002.06851,Introduction,0,"wiki2018 is the only work that has proposed a large dataset for multi-document summarization, containing over 10,000 articles."
1906.08593,Task 1: Quora Duplicate Question Pair Detection,0,"The dataset contains approximately 400,000 question pairs, which are split into training and testing sets using a 5:5 ratio."
1909.1214,Application in Downstream Tasks,0,"Applying DisSim as a preprocessing step improves the performance of state-of-the-art Open IE systems by up to 346% in recall and 52% in precision, resulting in lower information loss and higher accuracy of the extracted relations."
1708.02267,Related Works,0,Transfer learning in NLP is more extensively studied than in Computer Vision due to the high-level nature of words compared to low-level image signals.
2001.00582,Excitation-based Voice quality analysis ::: Glottal source,0,A softer voice consistently results in a higher glottal formant frequency.
1807.07279,Conclusion,1,"Words not included in the original concept word-groups were observed to align meaningfully without direct modification to their cost function, indicating that the added cost term works productively with the original cost function of GloVe to handle semantically related words."
1904.07342,Data,1,"The initial dataset comprises 16,360 tweets related to blizzards, hurricanes, and wildfires, all authored by 133 influential tweeters, 87 of whom acknowledge climate change, and these tweets are assigned binary labels based on the sentiment of the influential tweeters."
1907.01468,Compiling data,0,"The ""core"" set of documents is always sufficient to identify distinctive properties without the need for a ""comparison"" set."
1909.06162,System Description ::: Sentence-level Propaganda Detection,1,"The final component of the system collects propaganda label predictions for each sentence from three classifiers, utilizing two ensemble strategies: majority-voting to boost precision and relax-voting to enhance recall."
1805.11937,Results and Analysis,0,The character trigrams consistently outperformed characters by a large margin.
1707.07554,Methodology,1,WordNet 3.0 was used as an external knowledge base in the experiments.
1902.10525,Introduction,1,"An online handwriting recognition system based on deep learning methods, comprising a stack of bidirectional LSTMs, a single Logits layer, and the CTC loss, has been developed to replace a previous segment-and-decode system that utilized over-segmentation, character hypothesis grouping, and a shallow neural network for classification."
2002.01664,POOLING STRATEGIES ::: Statistic and average pooling,1,"The Average pooling layer computes the mean of N D-dimensional vectors derived from the feature map of the top layer of a CNN model, resulting in a D-dimensional representation."
1904.105,Background,0,"The previous study BIBREF18 focused on the qualitative analysis of natural language interactions in a moving vehicle, while the current study is dedicated to the quantitative analysis of human-agent interactions in a stationary vehicle setting."
1806.01733,Other experiments,1,LinearSVC was used with the default parameters for scikit-learn version 0.19.1 after experimenting with different parameters that either reduced performance or had no significant effect.
1710.03348,Attention Concentration,1,"The average number of source words aligned to nouns and verbs in word alignment tasks is 1.1 and 1.2, respectively."
2002.028,Discussion,0,The Cognitive Distortion Schemata (CDS) were grouped along 15 widely accepted types of distorted thinking.
1806.00738,Methodology,1,"The evaluation of 200 stories from a hidden test set involved assessing each story on a Likert scale across six aspects: focus, structure and coherence, shareability, human authorship perception, visual grounding, and detail."
1811.00383,Results,0,"Pre-ordering significantly increased the number of UNK tokens in the test output, leading to worse translation quality and lower BLEU scores."
1703.07476,Multi-label classification,0,"The text mentions that there are 12 situation types, including ""Out-of-domain"" as the 12th topic label."
1702.06378,Introduction,0,"The CTC and SCRF models are trained independently without any shared encoder, which is a key feature of the multitask learning approach."
1906.10519,Setting for Experiment 1: Sentence-level Classification,0,The linear SVM is trained using the average of the word embeddings in the target-language training examples.
1908.06893,Experimental Methodology ::: Experimental Setup,0,The comparison between Character-based and Word-based LSTMs in BIBREF12 proved that character level models have lower perplexity than word level deep learners.
1808.10059,Introduction,1,Building a slot tagger for a new domain in conversational agents requires substantial amounts of labeled data.
1812.06864,Introduction,0,"Convolutional neural network architectures are not competitive with recurrent architectures on tasks requiring long-range dependencies, such as language modeling, machine translation, and speech synthesis."
1908.08419,CRF-based Word Segmenter,0,"CWS is formalized as a sequence labeling problem with character position tags, which are (`B', `M', `E', `S')."
1610.03112,Introduction and Related Work,0,"Impoliteness in conversations always negatively affects social interactions, as it challenges rapport in both strangers and friends."
1808.10059,Introduction,1,"The Zero-Shot Adaptive Transfer (ZAT) model was compared against the Bag-of-Expert (BoE) models, non-expert BoE models, and the Concept Tagger model in experiments, demonstrating significant improvements in F1-score."
1911.03681,Related work,1,"E-BERT can be updated to the newest Wikipedia dump with minimal computational cost, and the most expensive operation involved is training Wikipedia2vec, which takes a few hours on CPUs."
1902.06843,Dataset,1,"64% of the 1464 users in the dataset who disclosed their gender were classified as depressed, while 36% were classified as control."
1608.06111,Oracle,1,"A static oracle, designed to minimize stack size and avoid introducing errors in the parser's configuration, prioritizes transitions that reduce the number of items in the stack."
1910.02677,Introduction,1,"A controllable parametrization mechanism improves the performance of out-of-the-box Seq2Seq models, achieving a new state-of-the-art score of 41.87 SARI on the WikiLarge benchmark, representing a +1.42 gain over previous scores, without requiring external resources or modified training objectives."
1603.08594,Projected Path Prediction,0,"The classifier for path prediction consists of three structured perceptron classifiers trained to predict paths of length 2, 3, 4, and 5."
1911.01248,LD2NL Framework ::: From SPARQL to NL,0,"The possessive dependency between two phrase elements \( e_1 \) and \( e_2 \) is represented as \(\texttt{poss}(e_2, e_1)\)."
1910.12354,Conclusion,1,"The incorporation of both linear and non-linear order connectors in training significantly enhances the generalization performance, increasing it by 2-3 times compared to training solely on linear connectors."
2003.03014,Background ::: Dehumanization,0,"Disgust is not a predictor of dehumanizing perceptions of a target group, as evidenced by experiments by BIBREF17 and BIBREF19."
1611.01576,Conclusion,0,"QRNNs have better predictive accuracy than LSTM-based models of equal hidden size, even though they use fewer parameters and run substantially slower."
1911.09241,Qualitative Evaluation ::: Reconstructability of Ablated Features,1,"The annotation results indicate that while function words are reconstructable for some questions, they are not necessary for answering them, as demonstrated by the cases where annotators could guess function words even when they were dropped."
2003.12139,Results ::: RQ2. Which active learning strategy is most efficient and cost-effective to build event classification models using Twitter data?,1,The entropy strategy for active learning is the most efficient for reaching optimal performance with the least amount of tweets when used with both logistic regression and random forest classifiers.
2002.10832,Model ::: BERT-gen: Text Generation with BERT ::: Attention Trick,0,The left-to-right attention mask is applied to all input tokens \( X \) to ensure that each input token can only attend to the subsequent input tokens.
1908.09283,Model ::: Multi-Task Learning,1,"There are N tasks corresponding to N languages, each with a distinct dataset for predicting language learners' exercise accuracy."
1801.04433,Data Preprocessing,0,The Moses package for machine translation was used to split the text corpus into word elements by ignoring white spaces and punctuation symbols.
1901.0159,Ablation Study: Vocabulary,1,"BPE embeddings perform worse than word embeddings, especially with smaller vocabulary size."
1910.13793,Fine-tuning BERT with emoji support ::: evaluation metrics,0,"The mean rank of the correct response in the Twitter dataset is always 1, indicating that the positive response is consistently ranked highest."
1805.10824,Semi-supervised Learning,1,"Ten distinct models were trained to predict labels for silver data, and if the highest and lowest predictions for a silver instance do not differ by more than a specified threshold, the silver instance is retained; otherwise, it is discarded."
1811.09786,Introduction,0,The paper proposes Recurrently Controlled Recurrent Networks (RCRN) with only one key component - a controller cell.
1901.0386,Deep Learning Architectures,1,"The DeepSpeech-finetune model fine-tunes the initial feature extraction layers of the DeepSpeech model, excluding the final ASR layer, for the CSKS task. It incorporates pretrained 2D convolution layers and GRU layers from DeepSpeech, followed by LSTM layers and a randomly initialized Fully Connected layer for classification. The Fully Connected layer's output is processed by a softmax function and a cross-entropy loss function to train the model for 21 classes, including 20 keywords and 1 background class, similar to the Honk model."
1805.04508,Conclusions and Future Work,0,The score differences across genders and races were found to be as high as 0.50 (50%) in some systems.
1908.11425,Related work,1,Cross-lingual topic classification for speech has not been explored in previous studies.
1910.13215,Methods ::: Multimodality ::: Visual Features,1,"The application of a Convolutional Neural Network (CNN) to a video, focusing on the softmax layer output, involves processing the embedding matrix to retain the 10 most probable category embeddings and setting the remaining ones to zero, resulting in a representation known as ten-hot action category embeddings."
1805.09959,Discussion,1,"A study conducted among breast cancer patients between 2013 and 2014 found that social media was used less frequently as an online communication method, accounting for only 12.3% of the total sample size of 2,578 patients."
1911.03648,Conclusion and Future Work,0,The hybrid approach combines machine learning and rule-based approaches to boost the result of detecting hate speech on English social media text.
1904.05862,Pre-training for the WSJ benchmark,0,Pre-training on the audio data of WSJ reduces WER by 32% on nov93dev when only about eight hours of transcribed data is available.
1903.11283,Introduction,1,"A trained model based on zero-shot neural machine translation can perform both grammatical error correction and style transfer without using supervised training data for either task, utilizing regular parallel corpora and applying monolingual transfer to achieve these functionalities across multiple languages."
1706.04115,Model,1,"The model determines that a question cannot be answered from a sentence if the probability of the best span is lower than the probability of the null answer, and this decision is influenced by a learned threshold that assesses the confidence of the best candidate answer span based on the absolute values of the raw confidence scores."
1907.12108,Introduction,1,"XiaoIce, a modularized empathetic dialogue system, has achieved a higher number of conversational turns per session than average human conversations, utilizing a complex architecture with hundreds of independent components and extensive labeled data for training."
1909.11232,Introduction,0,"The study found that using RGB video data alone significantly improves recognition accuracy in ASL sign language, without the need for skeletal data."
1909.00542,Conclusions,1,"Macquarie University's participation in BioASQ 7 focused on generating ideal answers using query-based extractive techniques, including classification, regression, and reinforcement learning approaches."
2001.02214,Problem Formulation ::: Definition 1 (Fact-checking URL Recommendation Task),0,The recommendation task aims to identify the top-N users from the user set $\mathcal{U}$ for each URL.
1910.08293,Methodology ::: Human Level Attributes (HLA),0,"The text states that there are 45,821 characters and 12,815 unique HLA, resulting in 945,519 total character-HLA pairs. Each collected character has 20.64 HLAs on average."
1812.06876,Architecture,0,"The attention-based encoder-decoder model shares all components, including the attention layer and the decoder, between tasks for multi-task learning."
1911.00473,Results,1,"A deeper neural network specialized in the end task, when used on top of BERT, yields more impressive results than a simplistic BERT-based architecture."
1701.02025,Analysis,1,"WWRs incorrectly classify ""Walter Leaf"" and ""Along Came A Spider"" as living entities due to the presence of words like ""leaf"" and ""spider"" in their names, despite these entities being non-living."
1901.03253,Syntactic analysis of aligned corpus,0,The syntactic analysis of satirical headlines reveals that modifying the verb tense is the most effective way to remove humor or add humor to serious headlines.
1805.024,Introduction,0,NMT-Fake* reviews can be detected by classifiers trained using previously known categories of fake reviews.
1901.03253,Discussion and future work,1,"The SemanticScript Theory of Humor, proposed by Raskin in 1985, asserts that humorous text requires compatibility with two different semantic scripts and opposition between these scripts along specific dimensions."
1909.09484,Generative Dialogue Policy ::: Training,0,"The dialogue policy is updated solely through supervised learning, without using reinforcement learning."
1805.06648,Introduction,1,"A language user unfamiliar with the symbol ""Socrates"" can still use syntactic, semantic, and inferential skills to determine that ""Socrates is mortal"" contradicts ""Socrates is not mortal."""
1904.01548,Introduction,1,"The dual-stream model of speech comprehension involves sound waves being converted to phoneme-like features, processed by a ventral stream for mapping onto words and semantic structures, and a dorsal stream supporting audio-short term memory."
1609.00559,Introduction,1,"Semantic similarity measures quantify the degree to which two concepts are similar, while semantic relatedness measures quantify their relationship, with similarity being a specific type of relatedness. The automated identification of semantically similar or related terms is essential for enhancing the retrieval and clustering of biomedical and clinical documents, as well as for the development of biomedical terminologies and ontologies."
1812.01704,Experimental Results,0,"The dataset used for the experiments contains comments annotated by up to five professional, trained editors to label various attributes, including type, sentiment, and tone."
1904.0367,Introduction,0,The end-to-end SLU approach maps the text transcript directly to the speaker's intent without involving the speech audio.
1910.02754,Results and Analysis ::: Discussion ::: PCA of Visual Features,0,"The How2 dataset has a higher variance in visual features compared to the Multi30k dataset, indicating superior discriminativeness for natural language processing tasks."
1907.01339,Introduction,1,"Constituency parsing represents the syntactic structure of a sentence as a phrase-structure tree, whereas dependency parsing encodes binary syntactic relations between pairs of words."
1909.02855,Morphological Generalization ::: Controlling for Lexeme,1,"The state-of-the-art BLI models achieve 100% accuracy on identifying the correct inflection for frequent morphosyntactic categories in the Polish–Czech language pair, but do not generalize for infrequent slots."
1604.02201,Experiments,1,"The NMT system uses a minibatch size of 128, a hidden state size of 1000, a target vocabulary size of 15,000, and a source vocabulary size of 30,000 for training."
1905.05644,Fine-tune a NLG model,1,The size of INLINEFORM2 in low-resource NLG tasks is very small due to the high annotation cost.
1908.04917,The Proposed Method,1,"CSSMCM is a lip reading model specifically designed for Chinese Mandarin, which considers both pinyin and tone as crucial elements for accurate lip reading."
1910.09399,Text-to-Image Synthesis Taxonomy and Categorization ::: Semantic Enhancement GANs ::: DC-GAN,1,"The Deep Convolutional Generative Adversarial Network (DC-GAN) is designed to train on text features encoded by a hybrid convolutional recurrent network at the character level, aiming to generate realistic images from natural language text."
1811.09353,Model,1,"The segmental neural language model (SNLM) generates a character sequence composed of segments, where each segment is a sequence of characters corresponding to one word, and the model can produce multiple segmentation possibilities for the same character sequence."
1904.07342,Labeling Methodology,0,The LSTM achieved a 13-point spread between validation and test accuracies.
1910.0134,Experiments and Analysis ::: Baselines,0,"The model reads the tweets in a form of character one-hot encodings and uses them for training with their hashtags as labels, using a dataset consisting of approximately 3.7 billion tweets."
1601.06068,Bi-Layered L-PCFGs,1,"A bi-layered L-PCFG is created using the spectral algorithm of Narayan-15 to estimate a grammar \( G_{\mathrm{par}} \) from the Paralex corpus, with 1,000 latent states."
1911.00202,Related Work,0,"The model's performance on the biomedical domain decreases dramatically after fine-tuning on biomedical data, while its performance on the open-domain comprehension data improves substantially."
1804.03396,Results in IE Settings,1,"In the QA4IE framework, the QA model evaluates a candidate entity-relation or entity-property pair to determine if an answer can be found in the input text."
1909.11232,Our Approach ::: 3D Convolutional Neural Network,1,"Traditional convolutional neural networks (CNNs) consist of layers with stacks of 2D feature maps, where each layer applies a set of rectangular filter parameters to convolve over the feature maps from the previous layer, producing new feature maps equal in number to the filters applied."
1911.05153,Conclusion,1,Adversarial test sets generated by combining back-translation with two languages and sequence auto-encoder outperform those generated by either method alone in terms of model performance.
1805.09959,Conclusion,1,Context classifiers can be used to identify diagnostic tweets related to the experience of breast cancer patients.
1909.11706,Method,1,"An artificial intelligence company named Pypestream developed a conversational intelligence system using a dataset comprising more than 2,000 user sentences related to a specific chatbot service, including queries like ""is there any parking space?"", ""what movies are playing?"", and ""how can I get there if I'm taking a subway?""."
1904.02954,Evaluation of Weighting Schemes,0,"The ACE 2005 dataset consists of 599 annotated documents from only one domain, specifically newswire."
1804.0072,Related Work,1,The GDAN model trained an auxiliary neural network to generate questions from passages using reinforcement learning and augmented the labeled dataset with these generated questions to train a QA model.
1602.03661,Modelling the emergence of duality of patterning,1,"Studies have shown that humans can evolve languages with duality of patterning within one or two generations, as evidenced by examples like Nicaraguan Sign Language and the emergence of Pidgins and Creole languages."
2001.10161,Introduction,0,"The neural model and rules-based baseline are used exclusively for the description generation phase, while the graph extraction and completion phases are handled entirely by human-made approaches."
1911.03642,WikiGenderBias ::: Test Sets,0,The pairwise inter-annotator agreement was found to be 94%.
1910.09387,Creation of Clotho dataset ::: Audio data collection and processing,1,"A dataset of 12,000 audio samples was collected from Freesound, with each sample meeting criteria such as being in a lossless file type, having an audio quality of at least 44.1 kHz and 16-bit, and having a duration between 10 seconds and 300 seconds. The samples were further processed by normalizing the audio to the range of -1 to 1, trimming silence from the beginning and end, resampling to 44.1 kHz, and retaining only those longer than 15 seconds after processing, resulting in a final dataset of 9,000 audio samples."
1909.01013,Introduction,1,Recent research has attempted to induce unsupervised bilingual lexicons by aligning monolingual word vector spaces.
1807.00868,Introduction,1,"The Connectionist Temporal Classification (CTC) approach employs loss functions that consider all possible alignments between reference text and audio data, and it can use phonemes, graphemes, syllables, subword units, or whole words as targets."
1908.06006,Introduction ::: Observed problem,0,"HAN is capable of encoding each sentence in the document while considering the context of other sentences, allowing it to effectively allocate its attentional budget across various aspects of the document."
1902.09393,Graphics,0,Color illustrations are always understandable when printed in black ink.
1910.03177,Proposed Models ::: Neural Semantic Encoder:,1,The raw embedding vector at the current time-step is represented as \( x_{t} \) in a \( D \)-dimensional real vector space.
1804.0072,Introduction,1,"The cloze construction process leverages the common document structure where an introduction precedes and summarizes the main body of articles, which is observed in large corpora such as Wikipedia, academic papers, and news articles."
1611.014,Benchmark Datasets,0,The response rate from the contacted authors was 25%.
1909.00015,Analysis ::: High-Level Statistics ::: What kind of @!START@$\alpha $@!END@ values are learned?,1,"The encoder self-attention blocks in the model converge to distribute alpha values in two distinct modes: a sparse mode near alpha approaching 2 and a dense mode between softmax and 1.5-entmax, whereas the decoder self and context attention blocks converge to a single mode distribution of these parameters."
2001.10161,World Generation ::: Knowledge Graph Construction ::: Rule-Based Graph Construction,0,"OpenIE5 generates triples exclusively in the format of $\langle entity, relation, entity\rangle$ without any confidence scores or location information."
2004.01853,Experimental Setup ::: Evaluations,1,"Human judgements were elicited to evaluate the outputs of abstractive summarization systems based on informativeness, fluency, and succinctness, using 20 randomly sampled documents from the test split of CNNDM."
2004.0182,Background ::: Modeling Cyberbullying Behavior,1,"30% of Instagram media sessions containing profane or vulgar content were identified as acts of cyberbullying, according to BIBREF12."
1911.03154,Simultaneous NMT ::: Stopping Criterion ::: Learning When to Stop ::: Reward,1,"The hyper-parameter \(\alpha \geq 0\) is used to balance the trade-off between translation quality and delay, with sentence-level BLEU scores serving as the reward for quality."
1906.06448,Conclusion,1,The performance of all state-of-the-art NLI models was substantially worse on the new test set of the MED dataset.
1912.00864,Conclusion,1,"The ensemble network architecture, which employs an attention mechanism to reflect the context of the conclusion decoder's output sequence on the supplement decoder's output sequence, was consistently superior to conventional encoder-decoders in the task of conclusion-supplement answer generation for non-factoid questions."
1901.10826,Introduction,1,"A new Speaker Verification method named Additive Margin SincNet (AM-SincNet) was proposed, which is inspired by the SincNet architecture and the AM-Softmax loss function, and it was evaluated on the TIMIT dataset using the Frame Error Rate as the metric."
1611.03382,Decoder with copy mechanism,1,"Different OOVs can have very distinct meanings, making it problematic to use a single shared embedding for all OOVs."
1812.03593,Experiments,0,Removing BERT reduces the F1 score on the development set by 2.61%.
1912.0122,Related Work,1,"Some models have been developed to represent ontology concepts and Wikipedia entities using Gaussian distributions and regions within low-dimensional subspaces, inspired by probabilistic topic modeling and knowledge graph embedding approaches."
1911.01371,Conclusion,1,"A methodology is proposed to automatically analyze online social platforms for the presence of therapeutic factors, including Universality, Altruism, and Instillation of Hope, using NLP techniques such as Sentiment Analysis and Dialogue Act tagging."
1906.01081,Related Work,1,Hallucination in NLG systems occurs when the generated text includes extra information not present in the source material.
1912.09152,Introduction,0,"The system described in the paper exclusively relies on machine learning techniques for annotating pharmacological, chemical, and biomedical entities in health records."
1604.004,Introduction,0,The Pyramid scores consistently show strong correlations with Rouge scores in the TAC 2014 scientific summarization dataset.
1701.09123,System Description,1,"ixa-pipe-nerc is designed to use a simple and shallow feature set without relying on linguistic-motivated features or costly extra gold annotations, aiming to achieve robust models for Named Entity Recognition and Classification systems across various languages and domains, while aiming for state-of-the-art results."
1902.07285,Introduction,0,"The paper discusses the history of adversarial examples in the ""Adversarial Attacks in Text"" section and provides a comprehensive overview of defense strategies in the ""Defenses against Adversarial Attacks in Text"" section."
1604.00117,Multi-task Model Experiments,0,The data for the United app is smaller than the other three apps combined.
1904.03288,Jasper Architecture,1,"Jasper Dense Residual (DR) modifies the architecture by adding the output of a convolution block to the inputs of all subsequent blocks, similar to how residuals are added in ResNet."
1610.03112,Introduction and Related Work,1,The current work quantitatively evaluates the contribution of long-term temporal contextual information in detecting violations of social norms and incorporates this understanding into a computational model using recurrent neural networks to recognize such violations.
1710.11334,Experiments,0,Baseline_2 shows the poorest performance among all the baselines.
1601.06738,Conceptual Spaces,1,"Integral dimensions are characterized by the property that assigning a value in one dimension necessitates assigning a value in another, whereas separable dimensions do not exhibit this interdependence."
1911.03154,Simultaneous NMT ::: Prefix Translation,1,"At the beginning of prefix translation, all encoder and decoder hidden states are rebuilt using equations DISPLAY_FORM11 and DISPLAY_FORM13 to ensure consistency with training-time computations and to potentially better utilize available source context."
1910.06061,Experiments ::: Models,0,"The IOB2 format significantly reduces the size of the confusion matrix, making it easier to estimate without adding any additional information."
1808.00265,Related Work,1,"The VQA-HAT dataset, a large collection of human attention maps, was created by having humans identify image areas relevant to answering questions from the VQA dataset, revealing a poor correlation between machine-generated attention maps and human-selected areas, indicating that current VQA systems may not effectively constrain attention modules to focus on semantic relationships between question-answer pairs."
1707.03764,Data Analysis,0,"The training dataset consists of 11400 tweets, each representing a single author, and the labels for the gender classification task are `male' and `female'."
2002.0207,Translating Car-Speak ::: TF-IDF,0,"The length of the vector representing each review is 10,868."
1810.04528,Introduction,1,"The paper is structured with Section SECREF2 covering related works, Section SECREF3 introducing the Portuguese word2vec embeddings model, Section SECREF4 proposing a method, Section SECREF5 presenting experimental results to validate the application of a de-bias algorithm in the Portuguese word2vec model, and Section SECREF6 providing concluding remarks."
1702.03274,Model description,0,The API call in the developer code is invoked to render rich content to the user only if the action is text.
1909.04242,Experimental Results ::: Can Artifacts Generalize Across Datasets?,0,"The AUC of the Hyp baseline trained with SNLI on JOCI is significantly higher than 0.5, indicating that JOCI is strongly biased towards artifacts in SNLI."
1909.08402,Discussion,0,"The precision and recall scores for sub-task B are nearly identical across all setups, indicating that the classifier consistently predicts both high-frequency and low-frequency labels with equal accuracy."
1707.05589,Conclusion,0,The transitional period when deep neural language models began to supplant their shallower predecessors was characterized by small effect sizes and the need for less methodological care to produce reliable results.
1908.10275,Brief introduction to popular music,1,"Music industry products that leave audiences frustrated often generate reactions in underground cultures, leading to the development of more aggressive versions of the genre."
1909.00361,Back-Translation Approaches ::: GNMT,0,The process of building a simple cross-lingual machine reading comprehension system involves directly using a source reading comprehension system like BERT BIBREF7 to generate an answer in the target language without any translation steps.
1907.00854,Reading Comprehension,0,The BiDAF model used in the current release of Katecheo includes a Recurrent Neural Network (RNN) based character level embedding layer.
1909.08752,Experimental Setup ::: Implementation Details,1,"The extractor model is built on the $\text{BERT}_\text{BASE}$ architecture, which is a smaller version compared to $\text{BERT}_\text{LARGE}$."
1912.08084,Experiments and Evaluation ::: Individual Feature Types,0,Embeddings have the highest MAP score of 0.495 and P@50 of 0.357.
1911.09886,Introduction,1,"The decoding framework with pointer networks is modified to extract entire relation tuples at each time step, which accelerates the training process and reduces GPU memory usage."
1906.01946,Overview,0,The UN General Assembly speeches used in the experiment were given between 1980 and 2015.
2004.0182,Discussion ::: Limitations,1,The machine learning classifier used for initial sampling of tweets in the study has an F1 score of 0.90.
1912.03234,Method ::: Labelling Strategies,1,"Two alternative implicit feedback labeling strategies, five-minute reuse and 1-day return, are used to determine user satisfaction with jokes in voice-activated assistant applications. Five-minute reuse considers a joke request positive if a new joke is requested within five minutes, while 1-day return labels a request positive if a new joke is requested within a 1 to 25-hour interval following the initial request."
2003.11529,The State of African NLP,1,"African languages exhibit high linguistic complexity and variety, featuring diverse morphologies, phonologies, and tonal patterns, and are often used in multilingual societies with frequent code switching."
1810.12085,Introduction,1,"Clinical instruction on how to formulate clinical summaries is ad hoc and informal, which can lead to communication failures and even medical errors."
2002.04181,Results and Discussion,1,"Crowdworkers correctly identified 62% of neutral sentiments, 85% of positive sentiments, and 92% of negative sentiments."
1908.06493,Related Work,1,"Two promising approaches for determining the number of predicted labels in Hamiltonian Monte Carlo (HMC) involve estimating thresholds for converting prediction confidence into label predictions. One approach employs column and row-based methods, while the other adjusts the threshold globally based on the label cardinality of the training set to achieve a similar label cardinality in the test set."
1909.03023,Related Work,0,"The text explicitly states that the researchers focus on multi-party spoken discussion transcripts from classrooms, not written essays."
1803.09745,Description of data sets,1,"The regularization fraction for a verb is calculated by dividing the relative frequency of its regular past tense by the sum of the relative frequencies of both its regular and irregular past tenses in Ngrams, and by dividing the token count of its regular past tense by the sum of the token counts of both its regular and irregular past tenses in Twitter."
1904.09131,Experimental setup,0,The classifier was trained using a three-fold cross-validation method on the training sets of the ISTEX and RSS datasets.
1710.01789,Introduction,0,"The attention-based NMT model uses a fixed-size representation vector to encode the entire source sentence, which is then used by the decoder to generate the target sentence word by word."
1909.00361,Dual BERT ::: Auxiliary Output,1,"The span representation is formed by concatenating the BERT representations of the ground truth start and end positions, denoted as \( B^s \) and \( B^e \) respectively, both of which are vectors in \( \mathbb{R}^h \), along with a self-attended span representation \( B^{att} \) also in \( \mathbb{R}^h \), which integrates both boundary information and a mixed representation of the entire ground truth span."
1912.01772,"The Resource ::: Training, Dev, and Test Splits",1,"The test set for speech recognition experiments includes both unique speakers and speakers that overlap with the training set, allowing for comparisons of the speech recognition system's generalization ability over seen and new speakers."
1909.05478,Results ::: Comparison with state-of-the-art,1,"A convolutional neural network based on a Bi-directional recurrent structure achieved an accuracy of 96.49% on the 20 newsgroup dataset across four classes: politics, computers, religion, and recreation."
2002.0103,Related work,0,"The LIAR dataset contains 12,836 labeled long statements."
1802.05574,Other Observations,0,698 unique relation types were identified from 500 sentences.
1902.0883,Results,1,"BCF achieves purity scores of 0.4 or higher for all languages, indicating that on average at least 40% of the members of a gold standard category are clustered together by BCF."
1909.0825,Method ::: GF Grammar Encoder,0,The set of GF grammatical rules can be used to convert a constituency-based parse tree to a set of GF grammar rules.
1912.01252,Introduction ::: Objective,1,"The paper presents a combination of data analytics components for social media monitoring and addresses theoretical, epistemological, and ethical issues related to opinion exploration and facilitation, contributing to media studies, opinion dynamics, and computational social science."
1911.01248,LD2NL Framework ::: From RDF to NL ::: Realizing single triples,1,"The triple (:Albert_Einstein :birthPlace :Ulm) is verbalized as ""Albert Einstein's birth place is Ulm"" when the relational noun \(\rho (\texttt{p})\) represents ""birth place,"" and the verb ""to be"" is denoted by BE."
1910.06701,Experiments ::: Dataset and Evaluation Metrics,0,"The DROP dataset contains 77,409 testing samples, 9,536 development samples, and 9,622 training samples."
1707.02377,Method,0,"Doc2VecC represents each document as an average of the embeddings of all words in the document, including the target word ""ceremony""."
1704.0839,Tweet Prediction,0,The system outputs the tweet_ids for a hashtag file starting from the least funny.
1612.06897,German→\rightarrow English,1,"The German-to-English translation task employs a pre-trained NMT system with a vocabulary size of 100,000, trained on 3.9 million parallel sentences from the WMT 2015 dataset, and is further fine-tuned using 194,000 parallel sentences from the IWSLT 2015 TED talks evaluation campaign."
1603.09381,Conclusions,1,A new clinical information extraction system was introduced that uses deep neural networks to identify event spans and their attributes from raw clinical notes.
2002.12328,Semantically Conditioned GPT ::: Dialog-Act Controlled Pre-training.,1,"The GPT-2 model was continuously pre-trained using approximately 400,000 annotated (dialog act, response) pairs from the Schema-Guided Dialog corpus, MultiWOZ corpus, Frame corpus, and Facebook Multilingual Dialog Corpus."
1909.06522,Introduction,1,"Various data augmentation techniques, such as vocal tract length perturbation, speed perturbation, volume perturbation, normalization, additive noises, reverberation, and SpecAugment, have been explored to increase the amount or diversity of training data in neural network acoustic modeling."
1703.02507,Proposed Unsupervised Model,0,The word INLINEFORM2 is sampled from the set of words INLINEFORM1 following a uniform distribution.
1911.0762,Background and Related Work ::: Learning Embeddings for Source Code,0,BIBREF17 achieved 85% top-1 accuracy on a benchmark of API-usage analogies extracted from the Linux kernel.
1611.014,Baseline Systems,1,"Google Scholar's ""Related Articles"" feature displays the top 100 related documents for each indexed article, and the rankings of these related documents are scaled to reflect their relevance in a comparative analysis."
1905.08392,Introduction,0,The dataset contains 2231 public speech transcripts and over 5 million ratings from professional critics who systematically evaluate each talk.
1908.10275,"Motivation, Background and Related Work",1,"The availability of new data, models, and algorithms has facilitated the emergence of new research trends in popular music."
1903.11437,Related work,0,The studies in BIBREF20 and BIBREF19 exclusively focus on forward translation and do not consider back-translation.
1911.03842,Results ::: Conditional Training Controls Gendered Words,0,The CT method significantly improves F1 scores when controlling the use of gendered words in generated dialogues.
1910.11491,Introduction,1,"A local variance loss is introduced to encourage a model to focus on a few parts of input states during each decoding step, while a global variance loss is proposed to optimize attention from a global perspective by preventing high weights from being assigned to the same locations multiple times."
1903.07398,Model Overview,1,"The RNN-based Seq2Seq model, akin to Tacotron 2, is employed to generate mel spectrograms from text, which can subsequently be inverted using methods like Griffin Lim or processed through advanced neural vocoder networks such as a mel spectrogram-conditioned Wavenet."
1902.09666,Introduction,1,"Several studies have been published in recent years on the application of computational methods to address the problem of offensive content in social media, focusing on aspects such as abusive language, (cyber-)aggression, (cyber-)bullying, toxic comments, hate speech, and offensive language."
2002.0103,Related work,0,"CSI's third module solely relies on the extracted representations of news articles for classification, without considering the user behavior scores."
1912.01772,Introduction,1,"Recent advancements in Natural Language Processing (NLP) have primarily been observed in languages with substantial data resources, while low-resource languages continue to exhibit slower progress."
1911.08915,Introduction,0,"The clustering coefficient distributions for all languages are identical, showing no differences between languages."
1706.07206,Methods,0,The relevance score \( R_d \) quantifies the relevance of \( x_d \) with respect to the input vector \( x \).
1906.01512,LeafNATS Toolkithttps://github.com/tshi04/LeafNATS,0,The pointer-generator model achieved a ROUGE score of 95 on different datasets.
1910.05154,Experiments,0,The best boundary segmentation result is obtained by performing multilingual voting with all the languages and an agreement of 75%.
1711.11118,Experiments,0,"The MAE dataset consists of only 50 attributes, covering approximately 100% of the examples in the overall dataset."
1904.02815,Model Architecture,0,The dialog encoder processes the utterance representations to give a compact vector representation for each utterance.
1812.10479,Conclusion,0,"The experimental results show that the GARCH(1,1) volatility model outperforms the multimodal approach in all analyzed sectors."
1708.0769,Original Centroid-based Method,0,The centroid vector represents 75% of the ranked vocabulary in the development dataset.
1905.0084,Future Work Beyond The Thesis,0,The development of a CNL incorporating time-related idioms is straightforward and does not require complex semantic parsing.
2003.05377,Related Works,0,The hierarchical attention network used in BIBREF5 achieved an accuracy of over 95% on a dataset of nearly half a million song lyrics.
1911.05343,Methodology ::: Variational Autoendoder with Holistic Regularisation,1,"The HR-VAE model uses a two-layer LSTM for both the encoder and decoder, and the hidden state \(\mathbf{h}_t\) and cell state \(\mathbf{c}_t\) of the encoder are concatenated at each time stamp \(t\) and fed into two linear transformation layers to estimate \(\mu_t\) and \(\sigma^2_t\), which are parameters of a normal distribution corresponding to the concatenation of \(\mathbf{h}_t\) and \(\mathbf{c}_t\)."
1909.11232,Experiments ::: Effect of Same Subject Data in Training,0,Adding data from a test subject reduces recognition accuracy to approximately 95% for all subjects in the Spatial AI-LSTM model.
1912.00871,Approach,1,Pre-training on a general language corpus before training on math word problem corpora is expected to enhance the learning of a system designed to translate English text into simple algebraic expressions.
1903.11283,Conclusions,0,The model reliably corrects lexical choice errors in both grammatical error correction and style transfer tasks.
1709.05036,Prediction Layer,1,The Prediction Layer of QACNN involves passing the output representation through two fully-connected layers and computing the probability for each choice using the softmax function.
1604.05372,Learning to Translate: Ukrainian-to-Russian transformations,0,The transformation matrix allows for the direct translation of Ukrainian words into Russian without the need for vector calculations.
1909.00154,Travel behaviour embeddings,0,"The paper aims to analyze numerical data, such as trip duration, income, and age, collected in travel surveys."
1705.01991,16-Bit Matrix Multiplication,0,16-bit integer multiplication is consistently 2x-3x faster than 32-bit floating point multiplication across all batch sizes.
1707.07554,Knowledge Base Embedding,1,"An experiment was conducted on three standard word similarity datasets: RG-65, WordSim-353 similarity subset, and SimLex-999, to verify the reliability of vector representations."
1911.02821,Methodology ::: Multi-source Word-aligned Attention,0,"The proposed word-aligned attention relies solely on the segmentation results of a single CWS tool, ensuring consistent and reliable model performance across all inputs."
1709.05036,QACNN,1,"The QACNN model employs a two-stage CNN architecture, where the first stage transforms word-level features into sentence-level features and the second stage transforms sentence-level features into passage-level features, with a query-based attention mechanism applied at both word and sentence levels to enhance feature extraction."
1909.00754,Qualitative Analysis,1,"The system attention module correctly identifies the word ""leaving"" as evidence for the slot ""departure"" in the absence of previous context information."
1707.07554,Methodology,1,WordNet 3.0 was used as an external knowledge base in the experiments.
1907.00455,Text8,0,"The Text8 corpus BIBREF21 comprises the first 100 million plain text characters in English from Wikipedia in 2006, using a 27-letter alphabet that includes the 26 letters of the English alphabet and the space character."
2003.08437,Adposition Criteria in Mandarin Chinese ::: Localizers,0,Localizers are syntactically postpositions.
2004.03685,Inherently Interpretable?,0,BIBREF29 argues that post-hoc techniques provide more faithful interpretations than inherently interpretable models.
1911.06964,Experiments ::: User study.,1,"The autocomplete system demonstrated a high level of accuracy, with 80.6% of the top suggestions being semantically equivalent to the target keywords and 90.11% of the top three suggestions achieving the same equivalence. Additionally, the system achieved an exact match accuracy of 18.39%. Users spent an average of 3.86 seconds typing keywords, compared to 5.76 seconds for full sentences, with typing time variances of 0.08 seconds for keywords and 0.12 seconds for full sentences, showing minimal overhead in keyword selection and typing."
1602.03661,Discussion and perspectives,1,"The emergence of duality of patterning can occur simultaneously through purely cultural dynamics in a simulated environment with meaningful relations, as demonstrated by these results."
1703.0526,Motivation,0,The DeScript corpus contains complex and detailed narratives that describe script events in the style of OMICS or SMILE.
2002.03438,Limits Theorems ::: Optimal Language Model,0,"Manning and Schütze argue that language text can be accurately modeled as stationary, ergodic random processes, without any assumptions or limitations."
1909.05855,Related Work,0,The simulation-based dialogue generation framework is entirely automated and does not require any human intervention from crowd workers.
1809.04267,Analysis: Generative Models,1,"The QG model generates two candidate answers for a given question, with the first candidate ($61,300) being more closely aligned with the original question and thus assigned a higher probability as the correct answer."
1711.11017,Related work,0,"SUNCG consists of 100,000 house layouts."
1707.03569,Experimental setup,1,The biLSTM network with multitask learning achieves the best performance in the presented INLINEFORM0 scores.
2003.03728,Hypothesis Reranking Model,0,"The pseudo labeling method ensures that training utterances are always used in reranker training, regardless of whether ground-truth labels exist in the top $k$ predictions of the shortlister."
1908.06725,Pre-training BERT_CS,0,The pre-training of the BERT_CS$_{large}$ model was conducted on 16 NVIDIA V100 GPU cards with 32G memory for about 1 day.
1905.1081,Experimental setup,0,"The PlEWi BIBREF20 error corpus contains data exclusively from English Wikipedia, providing 550,755 [error, correction] pairs, of which 298,715 are unique."
1809.00129,Model,1,"The QE module takes a tuple as input, comprising a source sentence, a translated sentence, and a set of word alignments, and generates a sequence of quality estimation labels as output."
1904.07342,Background,1,Machine learning models trained using a novel labeling technique can accurately predict tweet sentiment.
1701.08118,Compiling A Hate Speech Corpus,0,"13,766 tweets were gathered using 10 hashtags, resulting in a final corpus of 1,541 tweets after filtering."
1906.00346,Experiment,0,"The EHR data used in the study exclusively consists of patients with single visits, and the training dataset does not include any multi-visit data."
1612.09535,Related Work,1,"In 1991, Lisa F. Rau introduced an algorithm for automatically extracting company names from financial news, marking one of the earliest contributions to the Named Entity Recognition (NER) field."
1909.00437,Experiments and Results ::: Named Entity Recognition,0,"MMTE outperforms mBERT on the NER task in all languages, with an average F1 score advantage of 7 points in the in-language setting and more than 18 points in the zero-shot setting."
1704.0896,Representation Learning,1,"Two distinct methods, a window approach and an LSTM approach, are explored for encoding incoming characters, with the window approach utilizing a five-character window to represent characters and employing a multi-layer perceptron (MLP) to derive a vector from single-character vector representations."
1806.11432,Background,1,GANs utilize an end-to-end neural network consisting of a generator and a discriminator to generate new data points.
1710.07394,Experimental Results,0,"The LSTM classifier and slur matching identified a total of 500 hateful tweets, with no overlap between the two methods."
1810.10797,New Words are Collected in Three Stages,0,The Logoscope was primarily designed to address NLP challenges in the field of astrophysics.
1906.02715,Introduction,1,"Investigations of convolutional neural networks have shown how representations change from layer to layer, how individual units in a network may have meaning, and that ""meaningful"" directions exist in the space of internal activation."
1705.03151,Babel: phonetically aware bilingual LID,0,The $g$ function was found to be the least suitable component for receiving phonetic information in the LID RNN.
1706.00188,Results and Analysis,0,The neural network methods in Part B of Table TABREF5 achieved an accuracy of 95% on the hate speech detection task.
1806.0433,Implementation Details,0,DecAtt uses gradient clipping by scaling the gradient by a factor of $\alpha = L2\_norm/b$ when the L2 norm exceeds the threshold $b$.
1807.09671,Extrinsic evaluation,0,The Pointer-Generator Networks BIBREF16 have been tested for summarizing content contributed by multiple authors.
2001.0597,Related Work,1,"Researchers have developed predictive models for identifying and categorizing lexical items related to sexual abuse using machine learning techniques on Twitter data, as demonstrated by Modrek and Chakalov in 2019."
1710.06536,Historical Background,0,Aspect-based opinion mining is capable of detecting both explicit and implicit aspects without any limitations.
1909.06162,Experiments and Evaluation ::: Results: Fragment-Level Propaganda,1,"The introduction of polarity, POS, and NER features into LSTM-CRF enhances F1 scores, and the use of BERTSentEmb with multi-grained LSTM-CRF improves internal dev scores but not external dev scores. Additionally, multi-tasking with an auxiliary PFD task and combining the two best configurations (II and IV) on the internal dev set through an ensemble approach results in an increase in recall and an improved F1 score on the external dev set."
2001.08051,Manual Transcriptions,1,"Each block of concatenated utterances to be transcribed is approximately 5 minutes long and contains only answers to the same question, which is explicitly reported at the beginning of the block."
1905.12516,Hate speech and abusive language datasets,1,"BIBREF8 relabeled 2,876 tweets and included a new sample from the original collection, with annotations provided by feminist and anti-racism activists, who were assumed to be domain experts. The dataset now includes a fourth category for tweets exhibiting both racism and sexism, and it consists of 6,909 tweets in total."
1811.00854,Introduction,0,"The lexical problem in Information Retrieval is caused by the difference in the number of words used in user queries compared to documents, not by synonymy."
1612.06897,Chinese→\rightarrow English,0,The NMT system used for the Chinese to English experiments was trained on 11.6 million in-domain sentences from the DARPA BOLT project.
2004.04315,Dataset Description,1,"The number of retweets experienced a significant increase in late March, potentially linked to the exponential rise in confirmed COVID-19 cases globally, including in Arabic-speaking countries."
1708.00077,Introduction,0,Sparse Variational Dropout (Sparse VD) was successfully applied to Recurrent Neural Networks (RNNs) without any significant loss in model quality.
1908.08917,The formation of the Croatian group in Zagreb,0,The first individual effort in machine translation in Yugoslavia was made by Vladimir Matković from the Institute for Telecommunications in Zagreb in 1958 in his PhD thesis on entropy in the Croatian language BIBREF10.
1709.06136,Dialog Agent,1,"The dialog agent updates its internal state using the previous agent output encoding, user input encoding, retrieved knowledge base result encoding, and previous agent state, and then emits a system action, an estimation of the belief state, and a pointer to an entity in the retrieved query results."
1911.10401,Experimental Results,0,"The tables TABREF14-TABREF17 summarize the performance results of the ""Proposed"" method compared to only two state-of-the-art baseline methodologies."
1905.07894,Experimental protocol,0,"The dataset contains 4,029,343 messages in French, all of which have been flagged as abusive by users and confirmed by human moderators."
1903.04329,Scaling of aggregate metrics,0,The total number of tweets and the total word count scales linearly with city size.
1909.00574,Proposed Approach ::: Sketch Classification,1,"A special classification embedding ([CLS]) is added to the beginning of the single sentence classification fine-tuned task in Bert, and the final hidden state corresponding to this token is used as the aggregate sequence representation for the classification task."
1901.02262,Answer Sentence Decoder,0,The unidirectional ELMo used in the answer layer ensures that predictions for position \( t \) depend only on the known outputs at positions greater than \( t \).
1707.04913,Data sets,1,"The E2E version of the ATIS dataset is created by chunking BIO-labeled words and using the labels as fields to extract, with the 10 most common labels selected for this purpose."
1910.04269,Results and Discussion,0,The 2D-ConvNet model achieved a mean accuracy of 95.4% with a standard deviation of 1.2% on running k-fold cross validation for six languages when mixup regularization was applied.
1909.05438,Conversational Table-Based Semantic Parsing,1,"The SequentialQA rule pipeline incorporates additional actions such as copying the previous-turn logical form, using ""no greater than,"" ""no more than,"" and negation, which are not present in the WikiSQL grammar."
2003.02639,Introduction,1,Human languages can be viewed as a complex network of interacting parts.
1909.05855,The Schema-Guided Dialogue Dataset ::: Dataset Analysis,0,The single-domain dialogues contain an average of 23 turns.
2001.01269,Methodology ::: Generating Document Vectors,1,"Each document, whether a review or a tweet, is represented by an averaged vector obtained by summing and averaging the vectors of all words within the document. Additionally, three polarity scores—minimum, mean, and maximum—are extracted from each document's words, and these scores are concatenated to the averaged word vector to form the final representation."
1901.02534,Improving retrieval,0,The named entity recognition (NER) tags provided by SpaCy BIBREF10 are highly reliable and accurate.
1902.06734,Analysis and discussion,0,"The lr + auth method correctly classifies all misclassified hateful tweets from the dataset, including those without explicit textual cues of hate speech."
1908.09951,Emotionally-infused Model ::: Emotional Lexicons,1,"Several emotional models proposed by Magda Arnold, Paul Ekman, Robert Plutchik, and Gerrod Parrott have been used to build emotional resources (lexicons) in the literature."
1806.05504,Observations,1,"Linked entities can be used to represent the topic of a summary as a multinomial distribution over entities, where the probabilities indicate the relevance of the entities."
1612.03226,Introduction,1,The Expected Gradient Length (EGL) method measures informativeness by the norm of the gradient incurred by an instance and has been shown to be superior to confidence-based methods in speech recognition tasks.
1909.00786,Cross-Domain Context-Depencent Semantic Parsing ::: Datasets,1,"The SParC dataset is a large-scale cross-domain context-dependent semantic parsing dataset with SQL labels, and it is built on the Spider dataset."
1911.06815,Introduction,1,"Journalistic organizations, like Media Bias/Fact Check, conduct analyses of news sources to identify those that exhibit propagandistic characteristics."
1601.01705,Questions about geography,1,The dynamic model (D-NMN) achieves a 20% relative improvement over the fixed baseline in the dataset with quantifiers.
1812.03593,Approach,1,"The conversational question answering task involves generating a response \( A_k \) given a passage \( \mathcal{C} \), a sequence of historical question and answer utterances \( Q_1, A_1, Q_2, A_2, ..., Q_{k-1}, A_{k-1} \), and the latest question \( Q_k \)."
1709.05295,Evaluation,1,"The test set of 586 posts, consisting of 347 factual and 239 feeling posts, was classified using a procedure where a post was labeled as factual or feeling if it matched at least three high-precision patterns for that category, and left unlabeled if it contained three patterns for both categories."
1601.02403,Annotation studies and corpus creation,1,"The process of data selection, annotation, curation, and evaluation is described to create a new corpus suitable for argumentation mining research in computational linguistics."
1906.05506,Experimental Settings,0,The mini-batch size for machine translation is 128.
1906.03538,Evaluation metrics.,0,"The system is designed to return a single unified perspective for each given claim, rather than a collection of mutually disjoint perspectives."
1911.03353,Related Work ::: SciBert,0,They use a linear classification layer with softmax output to guarantee well-formed entities in the named entity recognition task.
1910.05752,Multi-stage Training Strategy,0,"The Gumbel-Max technique is used to replace the word-level oracle method, which enhances the robustness of the model and improves the sampling curve smoothness."
2003.08808,Experimental Results and Discussion,0,"TongueNet achieved the lowest mean sum of distance (MSD) among all the deep learning models, including sUNET, UNET, BowNet, and IrisNet."
1707.07212,Assessing the Reliability of Accounts,0,"The table TABREF56 lists accounts that made the largest number of correct predictions for Ballon d'Or awards between 2010 and 2017, sorted by users' prediction accuracy."
1703.04001,Introduction,0,Quora was founded in 2011 and quickly became one of the largest community-driven Q&A sites with a diverse user base.
1902.09087,Word Lattice,1,"Word lattices are collections of characters and all possible words, and their inherent graph structure allows explicit representation of all possible words, including overlapping and nesting cases."
1909.0256,Introduction,0,Paraphrase identification is to determine whether a pair of sentences are identical in meaning BIBREF0.
1906.07234,General framework,1,"The Dirichlet process Gaussian mixture model (DPGMM) is used for frame clustering, and the resulting frame-level cluster labels serve as pseudo phone labels for supervised DNN training."
1804.08782,Neural Entrainment Distance (NED) Measure,0,The Neural Entrainment Distance (NED) is calculated using the Euclidean distance between the turn-level feature vectors.
2002.1021,The Approach ::: An Overview,1,The first reference encoder employs a bidirectional-LSTM model to extract the representation of a reference summary.
1911.09247,Introduction,1,"A multi-domain question rewriting dataset named MQR, containing 427,719 pairs of questions from 303 domains, was created using human-contributed Stack Exchange question edit histories, with each pair consisting of an original ill-formed question and a well-formed version rewritten by the author or community contributors."
1906.0104,Conclusion,1,"Human perception can be altered by using subtle, learnable perturbations for a significant fraction of natural speech."
1908.08419,Experimental Results,0,Jieba and LTP both show improved Recall when using an external domain dictionary for NLP tasks in EHRs.
1905.12516,Introduction,1,"Machine learning models deployed to detect hate speech and abusive language on social media platforms such as Facebook, Instagram, and Youtube are susceptible to bias, which can result from biased training data and may lead to inaccurate identification or even active discrimination against protected groups."
1911.0309,Experimental Setup ::: Models and Datasets,0,"The base variant models have 150 and 160 million parameters, while the large variant models have 400 and 420 million parameters."
1909.13104,Introduction,0,Benevolent sexism is categorized as a type of online harassment.
1912.07025,Indic Manuscript Layout Parsing ::: Network Architecture,0,The backbone stage uses the first five blocks of ResNet-50 as the convolutional network.
2003.07996,Experiments ::: Multitask learning for SER,1,"Cross-corpus emotion recognition models can be trained using data from high-resource languages and effectively applied to low-resource languages, assuming that emotional expressions are consistent across different languages."
1909.0256,Related Work ::: Adversarial Example Generation,0,BIBREF32 proposed a two-stage greedy algorithm and a method with gumbel softmax to improve the efficiency of genetic algorithms.
1606.01433,Discussion,0,DeepDive achieved state-of-the-art performance on Timex3 and Event tagging with only a few days of development effort.
1703.0709,Distillation,0,"The 2-layers distilled LSTM model achieves a relative 53% decrease in CER, compared with the 9-layers LSTM model."
1909.04002,Approaches to authorship verification ::: Approach 2: Topic modeling,0,The topic model used in the experiment is Logistic Regression (LR).
1809.01202,Related Work,0,The RNN-based model used for identifying causal explanations from social media is primarily chosen for its simplicity and ease of implementation.
1910.11204,Experiment ::: Quality of the Syntactic Dependencies,0,"The AutoDel dataset, created by replacing all erroneous dependency heads and relations with alternative heads and relations, significantly improves the performance of the SRL model compared to the Gold dataset."
1601.06081,Feature Extraction,1,"The SentiWordNet 3.0 assigns prior polarities to words by utilizing a weighted mean formula, where each sense weight is determined according to a harmonic series, ensuring that more frequent senses carry greater ""affective weight"" than rare senses in the computation of a word's prior polarity."
1712.09127,Introduction,1,"Generative adversarial networks (GANs) consist of two simultaneously trained sub-models: a generative model that produces artificial data examples and a discriminative model that distinguishes between real and artificial data examples, with the goal of creating a minimax problem where the artificial examples become indistinguishable from the real ones."
1907.00937,Data,0,The training data consists of 650 million query-product pairs.
1910.11491,Experiments ::: Automatic Evaluation Result,1,"The model exceeds the PGN baseline by 3.85, 2.1, and 3.37 in terms of R-1, R-2, and R-L respectively, and receives over 3.23 point boost on METEOR."
2003.08808,Conclusion and Discussion,1,"TongueNet, a simple deep learning architecture, was introduced for tongue contour extraction and tracking, employing a novel training approach that focuses on tracking several points on the tongue surface rather than the entire contour, thereby reducing computational costs compared to traditional two-phase procedures involving image segmentation and post-processing."
1809.08935,Conclusion,0,The system achieved 98.2% accuracy in the test data due to the expressiveness and modeling power of LDA.
1905.09439,Introduction,0,Section SECREF2 introduces the experimental setup and data used for training and development sets.
1909.11879,Conclusions and future work,1,"Several transformer-based models, including XLNet, XLM, and RoBERTa, will be compared when trained on multilingual datasets containing Indonesian text, and these models will also be fine-tuned with more extensive Indonesian text to minimize unknown tokens."
1804.02233,Twitter user groups,0,"Trading robots produce predominantly neutral tweets, with relatively few 'buy' or 'sell' tweets."
1910.08987,Results,0,"In Cantonese, the 5 clusters A-E correspond to low-falling, mid-level, high-level, mid-rising, and low-rising tones, and there are only 4 contrastive tones in Cantonese, making it easier to cluster tones compared to Mandarin."
1911.12569,"Datasets, Experiments and Analysis ::: Results and Analysis",1,"A sentiment can be associated with multiple emotions, and positive emotions such as joy and trust are predominantly linked to positive sentiment, while negative emotions like anger, disgust, and sadness are primarily linked to negative sentiment."
1909.0536,Conclusion,0,Future research can focus solely on improving the quality of global assignments using ILP by ignoring the need for structured constraints between events and relations.
1909.13717,Discussion,0,The baseline models consistently generated responses with accurate slots and values for the correct domain.
2004.02393,Task Definition,0,Our work is the first to recover reasoning chains in a fully supervised setting.
1701.08118,Compiling A Hate Speech Corpus,0,The 541 tweets were split into five parts and each part was annotated by two out of six annotators.
1905.05644,Dialog Act (DA) Type Adaptation,0,"Meta-NLG significantly outperforms other baselines in adapting to new functions such as ""Recommend"" and ""Book"" with a large number of annotated DA-utterance pairs."
1707.02377,Semantic relatedness,0,"The SemEval 2014 Task 1: semantic relatedness SICK dataset contains 9,927 pairs of sentences with human annotated relatedness scores ranging from 0 to 5."
1909.05478,Methodology ::: Discriminative Feature Selection,0,"The Normalized Difference Measure (NDM) assigns the same rank to features with equal difference values, regardless of their $t_{pr}$ and $f_{pr}$ values."
1904.105,Background,0,The study demonstrated that Dialogflow outperformed the proposed models in both intent detection and slot filling tasks on the same dataset.
1912.0832,Appendix ::: Methods and analysis details ::: Changes to the coding schema,0,"The coding schema was modified to always maintain backward compatibility with prior labeling work, regardless of the complexity of the original labeling system."
1812.01704,Lexicons,0,"The sentiment detection task involves determining whether a document has a positive or negative tone by using a sentiment lexicon that classifies certain words as positive or negative, or quantifies their level of positivity or negativity. This task is typically accomplished using only one sentiment lexicon."
1903.08237,Continuous semantics,0,A yellow banana has a higher semantic value than a blue banana as an instance of banana.
1810.10254,Pointer-generator Network,0,"The generated code-switching sentences are limited to a maximum of 2-best candidates, not 3-best."
1910.11949,Usability study ::: User interface,0,"Elisabot is a user interface developed exclusively for smartphones, not for computers."
1909.05017,Experimental Methods ::: Pre-processing.,0,"The SQuAD dataset was used exclusively for testing the model, with no training conducted on it."
1910.05154,Introduction,1,"By the end of this century, at least half of the 7,000 languages currently spoken worldwide are estimated to no longer exist."
1910.02001,Experiments and Evaluation ::: Experimental Setup,1,"The U2H graph contains 108410 nodes and 443121 edges, and the U2M graph contains 591793 nodes and 832844 edges."
2002.11893,Data Collection ::: Dialogue Collection,0,The specialized website allows only one worker to converse synchronously and make annotations online.
1908.05441,Comparison with Benchmark Datasets,0,"Roberts et al. BIBREF3 created a biomedical question classification dataset with 2,937 questions annotated with 13 types, including anatomy, disease cause, diagnosis, disease management, and prognoses, and found that these questions were easily handled by learning-based methods developed for TREC questions."
2003.04748,Breaking internal symmetry: language coexistence by imbalanced population dynamics ::: Two competing languages,1,"Lotka-Volterra equations, which are widely used in population dynamics, include linear terms to describe population growth and quadratic terms to represent a saturation mechanism."
1711.11017,Related work,0,"SUNCG consists of 10,000 house layouts, making it the largest-scale 3D house dataset available."
1808.1029,Introduction,1,"Discourse relations link two sentences or clauses, playing a crucial role in natural language understanding and supporting various downstream NLP applications including text summarization, question answering, and machine translation."
1701.02025,Conclusion,0,The entity level representation of entity \( e_i \) is derived from the character-level representations of the words in the entity name.
1910.02789,Introduction,0,"Humans use simple language to describe and communicate their visual perceptions, feelings, beliefs, strategies, and more."
1905.1081,Experimental setup,0,PlEWi contains a balanced representation of spelling errors in the Polish language.
1902.07285,Datasets in Text,1,"The Stanford Natural Language Inference (SNLI) Corpus consists of approximately five hundred thousand human-written sentence pairs designed for the natural language inference (NLI) task, with each pair contextualized in a grounded manner."
2002.04326,ReClor Data Collection and Analysis ::: Data Biases in the Dataset,1,"The average sentence length of right options in the training set is 23.06, while the average sentence length of wrong options is 21.82."
1611.01884,Results and Discussion,1,"The AC-BLSTM model demonstrates superior performance compared to methods BIBREF4 and BIBREF5, and it outperforms BIBREF30, which integrates multiple word embedding techniques including word2vec, GloVe, and syntactic embedding. Additionally, the AC-BLSTM model achieves even better results when trained within a semi-supervised framework, highlighting the effectiveness of combining a generative network with AC-BLSTM."
1704.04521,Introduction,0,Neural machine translation (NMT) systems are designed to handle large vocabularies efficiently without increasing training or decoding complexity.
1910.04006,Introduction and Related Work,0,"The study used a dataset of structured clinical variables to predict 30-day readmission risk in psychiatry patients, without incorporating any features derived from free-text narratives."
1911.03894,Experiments ::: Results ::: Part-of-Speech tagging and dependency parsing,0,CamemBERT outperforms UDPipe Future by a small margin for all treebanks and all metrics.
1805.05581,Stylistic Similarity Evaluation,1,"The CBOW-all-ctx model achieved higher performance than the baseline CBOW-near-ctx model in terms of Spearman rank correlation for stylistic similarity judgments. Additionally, the CBOW-dist-ctx and CBOW-sep-ctx models showed improved correlations with human judgments, with values of 56.1 and 51.3 respectively. The CBOW-dist-ctx model, which employs only distant context, slightly outperformed the CBOW-sep-ctx model, demonstrating the effectiveness of training with a wider context window."
1806.11322,ME truth games,0,The set of possible beliefs in a typical conversational setting is always small and easily identifiable without any measure theoretic argument.
1708.01776,Related Work,0,Current interpretable machine learning algorithms for deep learning can produce natural language explanations.
1909.00252,Data ::: Reddit,1,"The distribution of joke scores ranges from 0 to 136,354 upvotes, with only 6% of jokes scoring between 200 and 20,000 upvotes."
1701.03578,Related Work,1,"Language models using RNN, which learn the probability of next sequence data at the character or word level, were tested on web corpora including Wikipedia and news articles, demonstrating their applicability."
2002.0103,Capsule networks for fake news detection ::: Proposed model,1,"Capsule networks maintain detailed information about the location and pose of objects throughout the network, which allows them to handle slight image rotations by adjusting activation vectors accordingly, thereby overcoming a limitation of regular CNNs that lose precise object location and pose, particularly in tasks like image segmentation and object detection."
1705.00861,Gated Recurrent Unit,0,The WMT 2014 training corpus used for the evaluation contains 12M sentence pairs with 304M French words and 348M English words.
1906.0101,Impact and conclusion,1,"This project integrates clinical psychology, insights from individuals with bipolar disorder, and computational linguistics to advance state-of-the-art NLP methods in a psychologically and ethically sound manner, informed by affected individuals."
1811.00147,Introduction,0,"Knowledge graphs are typically interpreted as comprising of discrete triples of the form (entityA, relationX, entityB) thus representing a relation (relationX) between entityA and entityB."
1701.05574,Task Description,0,The eye-tracking experiment uses a binocular remote mode with a sampling rate of 1000Hz to record eye-movement parameters such as fixations and saccades.
1912.06203,Generative Adversarial Networks for Image Manipulation ::: Text-Image Affine Combination Module,1,The affine combination module processes hidden features \( h \in \mathbb{R}^{C \times H \times D} \) and regional image features \( v \in \mathbb{R}^{256 \times 17 \times 17} \) to produce fused representations \( h' \in \mathbb{R}^{C \times H \times D} \).
1904.09708,Separation assumption,1,"In the seq2seq problem, models learn a mapping from arbitrary-length input sequences to arbitrary-length output sequences."
1910.07181,Related Work,1,"Surface-form information, such as morphemes, characters, or character n-grams, is frequently utilized to enhance word representations."
1911.08915,Introduction,0,"The clustering coefficient distributions for all languages are identical, showing no differences in the fractions of nodes with clustering coefficients 0 and 1."
1911.12569,Related Work,1,The performance of sentiment analysis is significantly improved when performed jointly with emotion analysis due to the fine-grained characteristics of emotion analysis providing useful evidence for sentiment analysis.
1703.09684,Algorithms for VQA,1,"The neural module network (NMN) is a compositional approach to Visual Question Answering (VQA) that involves assembling a series of discrete sub-networks, each designed to perform specific tasks, such as generating heat maps for object detection. These modules are orchestrated by parsing the question into a structured expression known as an S-expression, which guides the sequence of module execution to produce the answer."
1811.11365,Analysis,0,The trained with text only model outperforms the trained with image model by quite a margin.
1907.02636,Introduction,0,"The file ""ntdll.exe"" is a legitimate system file and not a malicious file."
1907.10738,OpenBook Knowledge Extraction,1,"The BERT model trained on OpenBook achieved a higher accuracy of 66.2% in the QA task compared to the BERT model trained on STS-B, as indicated by the accuracy scores in Table 3."
1909.09018,Related Work,0,WrÃblewska's project on RPA of unstructured data focused on developing an AI system for processing creative and interpretive tasks in business procedures.
2003.07723,Related Work ::: Emotion Annotation,0,The ISEAR dataset BIBREF34 is annotated at the phrase-level.
2004.04478,Similarity Metrics ::: Metrics: Unlabelled Data ::: ULM7: Universal Sentence Encoder,0,The Universal Sentence Encoder uses a convolutional neural network to construct sentence embeddings.
1810.04528,Experiments,1,"The Continuous Bag-of-Words model used in the analysis of bias in word2vec models with Portuguese embeddings contains 934,966 words, each represented by a 300-dimensional vector."
1809.08899,Conclusions,0,The program on which this study concerns has only been implemented in Europe and has contributed to the detection and intervention of cases of depression and violence across Europe.
1907.11499,Human Evaluation,0,The top domain words identified by L-LDA are more specific and informative compared to those from DetNet INLINEFORM2.
1907.08937,Relationship with other metrics,0,The best similarity quantification method for representing relations as angles is based on matrix representations.
1802.00923,Multi-attention Block,0,"The Multi-attention Block assigns attention coefficients to LSTHM outputs based on whether they contribute to a single cross-view dynamics, with high coefficients for relevant dimensions and low coefficients for irrelevant ones."
1909.07575,Our method ::: Subnet-Consistency ::: Semantic Consistency,0,"The CTC classification layer weight \( W_{ctc} \) is shared with the target embedding weights \( W_{E^t} \), which means \( W_{ctc} = W_{E^t} \)."
1708.05592,Experiments,1,Bi-RNNLMs outperform su-RNNLMs by 0.1% to 0.2% in WER reduction due to their ability to incorporate complete future context information through recurrent connections.
1707.03764,Final System,0,"A simple SVM system using the scikit-learn LinearSVM implementation employs character 3- to 5-grams and word 1- to 2-grams with tf-idf weighting and sublinear term frequency scaling, utilizing the standard term frequency."
2002.06644,Experiments ::: Experimental Results,1,"The finetuned optimized BERT-based models and BERT-based ensemble models outperform baseline models in terms of Precision, Recall, F1, and Accuracy on the WNC corpus."
1801.05617,Conclusions and Future Research,1,"A system has been developed to detect signals of cyberbullying on social media, encompassing posts from bullies, victims, and bystanders, and a manually annotated cyberbullying dataset for two languages, including Dutch, has been created for public scientific use."
1702.005,Setup,1,"The experimental dataset LDC2015E86 includes 16833 training instances, 1368 development instances, and 1371 test instances, each containing a sentence, an AMR graph, and alignment generated by a heuristic aligner."
1603.01417,Introduction,0,The DMN+ model requires labeled supporting facts during training to identify relevant facts for answering questions.
1707.04662,Introduction,1,The meaning of components in word vectors can be lost after re-training due to factors such as random initialization and thread synchronization issues.
1904.0367,Full dataset,0,The best results are obtained when all layers of the pre-trained model are unfrozen.
2002.02492,Introduction,0,The maximum likelihood objective's local normalization is unrelated to the issues of length bias and degenerate repetition in neural sequence models.
1803.09745,Details on User Location Matching,1,"The package was modified to allow the confidence level for fuzzy matching to be an input, and a confidence level of 91 was found to be satisfactory for accurate matching of city and state data."
1803.06745,Results and Discussion,0,The HI-EN dataset has fewer instances than the BN-EN dataset.
1908.08566,Experiments ::: Initializers,1,"The unsupervised vocabulary alignment strategy (Pr-Thr) handles vocabulary shift, particularly verb tense changes, while maintaining word order and adding minimal information."
1901.02262,Problem Formulation,1,"The training data consists of 6-tuples: $(x^q, \lbrace x^{p_k}\rbrace , s, y, a, \lbrace r^{p_k}\rbrace )$, where $a$ is 1 if the question is answerable with the provided passages and 0 otherwise, and $r^{p_k}$ is 1 if the $k$-th passage is required to formulate the answer and 0 otherwise."
1907.00937,Results,1,"The best matching performance for aggregated query and product embeddings is achieved with batch normalization and shuffled data, while using sorted data significantly degrades performance when combined with batch normalization but not with layer normalization."
1909.02027,Dataset ::: Data Preprocessing and Partitioning,0,"The procedure described ensures that similar queries from a crowd worker are always placed in the same split (train, validation, or test), thereby preventing any queries from a single worker from appearing in both the train and test sets, which would make the train and test distributions dissimilar."
1805.1185,BoketeDB,1,"As of March 2018, the Bokete Ogiri website had posted 60 million funny captions and 3.4 million images, and the study utilized 999,571 captions paired with 70,981 images to construct the Bokete Database (BoketeDB)."
1808.04122,Experimental setup,0,The CapsE model uses a batch size of 64 and sets the number of neurons in the second capsule layer to 20.
1809.01202,Conclusion,0,The best model for causality prediction in the pipeline is a BiLSTM.
1903.09722,Introduction,0,"The paper applies pre-trained representations from language models to language generation tasks modeled by sequence to sequence architectures, focusing on the encoder network and adding language model representations right before the output of the encoder."
1909.03023,Specificity,0,Specificity labels are directly related to three distinct elements for an argument move.
1705.00571,Data,0,"The word2vec BIBREF10 word embedding model was trained on a dataset of 189,206 financial articles from the Financial Times, containing 161,877,425 tokens, and exclusively focused on companies from the United Kingdom."
1803.0516,Relative errors,0,The performance measured by INLINEFORM5 results in a larger error magnitude compared to INLINEFORM6.
1812.06038,Discussion,0,"The number of nodes and links in the underlying causal attribution network was estimated to be 500,000 using capture-recapture estimators."
1708.05592,Bidirectional RNNLMs,0,"The ""pseudo"" PPL of bi-RNNLMs is comparable with the valid PPL of uni-RNNLMs."
1808.03738,RNN-based NMT model,1,"An RNN is utilized in the decoder to produce a target sequence, and an attention mechanism is applied to enable the decoder to focus on specific segments of the hidden state sequence."
1910.13793,Related work ::: Conversational AI systems,1,"Research on conversational AI has focused on building high-quality datasets, adding customizable personalities, and combining efforts with different datasets, models, and evaluation practices."
1706.07206,Methods,0,The relevance score \( R_d \) quantifies the relevance of the input vector \( x \) with respect to the target class \( c \).
1711.00331,Interpretable Word Vector Generation,0,The transformation matrix $\mathcal{W}_B$ can directly map word embeddings to a semantic space by multiplying the word embeddings with category weights.
1901.02257,Experimental Settings,1,"The MCScript dataset, used as the official dataset for SemEval2018 Task11, consists of 9,731 training questions, 1,411 development questions, and 2,797 test questions, derived from 2,119 narrative texts about daily events. This dataset includes 13,939 questions, with 27.4% of them requiring commonsense inference."
1911.03681,Introduction,1,Actor Daniel Ceccaldi is a French actor with an Italian-sounding name.
1807.07279,Imparting Interpretability,0,The word-groups extracted from Roget's Thesaurus are mapped to individual dimensions of word embeddings by directly assigning the same vector representation to all words within a particular group.
1611.03382,Decoder with copy mechanism,1,A hybrid summarization approach combining extractive and abstractive methods enables the use of a small vocabulary size for faster inference and allows the inclusion of out-of-vocabulary words present in the source text within the summaries.
1711.03438,Closed-World Knowledge Graph Completion,1,ProjE BIBREF16 treated closed-world knowledge graph completion as a ranking task and employed a list-wise ranking loss.
2002.07306,Bilingual Pre-trained LMs,1,"The XLNet model, an autoregressive language model, factorizes output using all possible permutations and demonstrates improved empirical performance over GPT-2 by capturing bidirectional context."
1908.10275,Experiments,1,"Most popular music genres have a novelty score between 0.5 and 0.65, indicating a medium-high level of innovation and acceptance."
1904.09545,Background,1,"Black-box function approximators, particularly recurrent and attentional neural models, have demonstrated higher accuracy in natural language transduction and generation tasks compared to traditional computational linguistics approaches, such as regular transducers or context-free grammars, when trained on sufficient data."
1701.05574,Conclusion,1,"The proposed approach involves exploring deeper graph and gaze features to enhance natural language processing tasks such as sentiment and emotion analysis, text summarization, and question answering."
1910.12574,Previous Works,0,Djuric et al. BIBREF16 proposed a single-step method using a continuous bag of words model to extract paragraph2vec embeddings and a binary classifier to distinguish between hate speech and clean content.
1909.0809,Introduction,1,"Speaker diarization involves segmenting an audio recording in time and indexing each segment by speaker identity, with the goal of grouping segments attributed to the same speaker and determining the number of distinct speakers."
1603.01547,Analysis,1,The accuracy of the model significantly decreases when the correct answer is less frequent in the document compared to other candidate answers.
1706.02427,Matching with Neural Networks,0,"The table includes aspects such as headers, cells, and footnotes."
1909.01362,Conversational Forecasting Model,1,"A conversation is modeled as a sequence of \( N \) comments, each comment being a sequence of tokens with varying lengths, and the \( n \)-th comment consists of \( M_n \) tokens."
1811.00942,Results and Discussion,1,QRNN models exhibit strongly linear log perplexity-recall plots with correlation coefficients of 0.88 for PTB and 0.93 for WT103.
2001.05493,Methodology ::: Classification Model,1,"Unweighted averaging can be used to combine softmax probabilities from three different classification models, as discussed in deep learning literature."
1911.09483,Experiment ::: How do we propose effective parallel multi-scale attention?,1,"The dynamically selected kernel size allows the learned network to determine the kernel size for each layer, addressing the issue of performance degradation caused by excessively large kernels in DepthConv and convolution."
1911.00547,Experiments and Results ::: Results and Discussions,0,"The J-CNN model achieved the highest accuracy in the ""stare"" classification."
1611.0255,Introduction,1,"Acoustic word embeddings (AWEs) are vector representations of spoken word segments that can be learned from data, with the goal of making embeddings of segments corresponding to the same word close and embeddings of segments corresponding to different words far apart."
1601.04012,Determining Event Coreference,1,"Two event mentions are considered fully co-referring if their activity, event, or state representation is identical in terms of all features used, such as agent, location, or time."
1912.13072,Data and Models ::: Irony,0,"The IDAT@FIRE2019 BIBREF24 task involves a binary classification where tweets are labeled as either ""positive"" or ""negative"". A total of 5,030 tweets were released by organizers as training data, and 1,006 tweets were used as test data."
1708.09609,Conclusion,0,"The dataset of posts from cybercrime marketplaces is annotated with user comments, a task which blends Information Extraction and Named Entity Recognition."
1709.06671,Evaluation Tasks,1,The CosAdd method is used to solve word-analogy questions in the Google dataset (19544 questions) and the SemEval dataset by finding a fourth word \( d \) that maximizes the cosine similarity between the vectors \((\vec{b} - \vec{a} + \vec{c})\) and \(\vec{d}\).
2003.08553,Evaluation and Insights,1,"QnAMaker is a versatile system that can be applied to any type of data, and its performance is evaluated across various domains, including a specific evaluation on chit-chat data."
1810.04635,Implementation details,0,"The vocabulary size of the dataset is 4,747."
1909.00542,Classification vs. Regression Experiments,0,The optimal labelling scheme for the experiments was based on a labelling threshold of 0.5.
1903.10318,Experimental Results,1,"The Bertsum+Classifier model achieves state-of-the-art results on the NYT dataset when evaluated using ROUGE Recall after truncating predicted summaries to match the lengths of gold summaries, outperforming baselines such as the First-k words method, the Full extractive model, and the Deep Reinforced abstractive model."
2003.08529,Introduction,1,Characteristic metrics are unsupervised measures that quantify the intrinsic properties of a data collection without using ground-truth labels.
1806.07042,Discussions,0,"The annotators were asked to rate 500 randomly sampled prototype-response pairs using a 3-scale rating system, which included identical, paraphrase, and unrelated categories."
1909.11297,Model ::: Word-Aspect Fusion,0,BERT is a unidirectional Transformer Encoder that captures simple dependencies between terms within a sequence.
1911.03385,Related Work ::: Controlling Linguistic Features,1,Several papers have focused on controlling style in sentence generation from restaurant meaning representations.
1911.03343,Conclusion,1,Knowledge graphs are currently a more reliable choice for question answering compared to querying a language model without fine-tuning.
2003.11562,Experiments & Results ::: BERT,1,"The pseudo-perplexity values for the left-marked model are lower than those for the left-right-marked model on the test dataset, indicating higher confidence in the left-marked model."
1909.11706,Result,1,"A Support Vector Machine model trained on data labeled by a specific method achieved an accuracy of 0.9931, while the same model trained on human-labeled data achieved an accuracy of 0.9572. Additionally, a Random Forest model trained on data labeled by the same method achieved an accuracy of 0.9759, compared to an accuracy of 0.9504 when trained on human-labeled data."
2001.0782,Methodology ::: Sentiment Classifiers,0,"BiLSTM$+$A is composed of an embedding layer, a bidirectional LSTM, and a self-attention layer that assigns lower weights to polarity words such as awesome and disappointed."
1910.09387,Creation of Clotho dataset ::: Audio data collection and processing,0,The distribution of durations is approximately uniform between 10 and 30 s.
2002.06854,HotelRec ::: Overall and Sub-Ratings,0,The Check-In and Business Service aspects have similar rating averages and percentiles compared to the other aspects.
1911.0331,Probing Tasks ::: MT Quality Estimation.,0,The Human-targeted Translation Error Rate is measured by the number of words a human translator would need to change to correct the system output.
1810.04428,Introduction,1,"Simplified training sentences are paired with synthetic ordinary sentences during the training process, and the synthetic data is treated as additional training data, which is generated through back-translation. This approach, which does not alter the neural network architecture, has been shown to enhance the text simplification quality of Neural Machine Translation (NMT) models when compared to models trained solely on original training data."
1909.07863,Data ::: Character analysis,0,"The testing split contains 466 distinct characters, which is more than the validation split with 387 distinct characters."
1901.10826,Conclusion,0,The proposed method has fewer parameters for setting compared with the traditional SincNet.
2004.03329,Introduction,1,"Telemedicine places additional burden on physicians by requiring them to provide remote consultations, which increases the risk of physician burnout."
1612.02695,Solutions to Partial Transcripts Problem,0,Constraining EOS emissions alone is sufficient to improve Word Error Rate (WER) at large beam widths.
1902.09393,Sections,1,ACL has registered as a CrossRef member and as a registrant of Digital Object Identifiers (DOIs) for referencing scholarly materials.
1910.08772,Our System: MonaLog,1,"The task of Natural Language Inference (NLI) involves determining whether a hypothesis sentence \( H \) logically follows from a premise set \( P \). This process typically involves a 3-way classification decision: Entailment, Contradiction, and Neutral. The system for monotonicity reasoning operates by first tagging tokens in the premise text with polarity annotations, such as \(\uparrow\) and \(\downarrow\), which are fundamental to the logic. These annotations are linked to natural logic inference rules that guide the generation of entailments and contradictions through span replacements. For instance, in the sentence ""All schoolgirls are on the train,"" the token ""schoolgirls"" is annotated with \(\downarrow\), indicating that it can be replaced with a more specific concept to create an entailment. The system then employs a generation and search procedure to check if the hypothesis can be derived from the premise using these rules, with a proof being a sequence of edits that either confirm an entailment or a contradiction."
1611.01576,Language Modeling,1,"The experimental setup included stochastic gradient descent (SGD) without momentum, a learning rate of 1 for six epochs followed by a decay of 0.95 for each subsequent epoch, and a total of 72 epochs."
1608.06111,Edge Labeling,0,The label :top can only be applied when the node from which the edge starts is the special INLINEFORM1 node.
1602.07776,Introduction,0,The generative model achieves significantly better parsing results than the discriminative model in language modeling tasks.
1610.07809,Conclusion,0,Supervised keyphrase extraction models are less robust to noisy input.
1708.01464,Multilingual Neural NLP,0,Google's zero-shot neural machine translation system BIBREF7 uses separate encoders and decoders for each language pair.
2002.028,Results ::: Absence of sentiment effect,1,"75.9% of CDS n-grams have neutral sentiment scores or no sentiment-loaded content, and the average valence rating of all CDS n-grams is -0.05 on a scale from -1.0 to +1.0, with 24.1% of CDS n-grams showing a slight negative skew in sentiment."
1804.05918,Evaluation Settings,0,"The Bi-LSTM model with tensors, known as SWIM, achieved a 95% accuracy in the multi-way classification setting."
1911.12579,Methodology ::: GloVe,0,"The GloVe model uses a linear regression approach to train word embeddings, weighting contexts with the harmonic function, where a context word four tokens away from an occurrence is counted as $\frac{1}{4}$."
1908.08419,Experimental Results,0,The Recall of LTP increases when joining the domain dictionary.
1904.07904,Spoken Question Answering,0,The question answering module directly processes the spoken document to output a text answer without relying on the ASR hypotheses.
1802.00273,Experiments and Results,1,"The neural network successfully identifies and switches to the selected language, producing relatively fluent Bible-style text, but the translation adequacy is limited, likely due to the network's restricted capacity to handle the extensive information."
1805.04833,Generation Quality,0,The average longest common subsequence in the generated stories is 10.2 words.
1603.09381,Temporal Convolutional Neural Network,1,A convolution operation involves a filter applied to a window of words to produce a new feature.
1805.04833,Writing Prompts Dataset,0,The dataset was cleaned by removing all user-generated content and only including stories longer than 100 words.
2003.11563,Introduction,1,"Imbalanced classification, where the proportion of elements in each class for a classification task significantly differs, remains an important problem in Natural Language Processing (NLP) and Machine Learning."
2004.04228,Experiments ::: Human Evaluation ::: Annotation Protocol,0,Workers are paid $10 per full summary annotated.
1807.03367,Landmark Classification,0,"The Talk The Walk dataset contains 307 different landmarks divided among nine classes, with play fields and theaters being the most frequent landmarks."
1908.10275,Brief introduction to popular music,1,"Popular music in the USA between the 1880s and 1890s began with spirituals, work chants, and shout chants, which were categorized as a blend of world music and popular music."
2004.0406,Approach ::: Gazetteers,1,"Wikidata entities are categorized as either concrete or abstract, and each entity is described by properties that define their relationships, such as instance_of and part_of."
2003.10816,Cross-Lingual Tree-based Models,1,"There are three distinct characterizations of fragment type BIBREF16: SubTree, SubSet Tree, and Partial Tree. A SubTree includes a node and all its descendants, while a SubSet Tree uses the same grammatical rule set as the original trees but does not necessarily include all descendants. A Partial Tree is the most general and further relaxes the constraints of SubSet Tree. Popular tree kernels include SubSet Tree Kernel (SST), Partial Tree Kernel (PTK), and Smoothing Partial Tree Kernel (SPTK)."
1908.10461,Methods ::: Data,0,"Lexical predicates in PMB are always in English, regardless of the language of the original text, and are never reverted to their original language."
1910.02789,Appendix ::: Model implementation,1,"The TextCNN model used in the natural language based agent includes convolutional layers with filters of varying widths (3X50X1, 4X50X1, 5X50X1, 8X50X1, 11X50X1) to identify different lengths of word sequences, followed by ReLU activation, max pooling, and two fully connected layers with 32 and 16 units respectively, both activated by ReLU."
1904.01608,Related Work,1,Early works in automated citation intent classification were based on rule-based systems.
2002.06424,Related Work,1,"Several models share the majority of model parameters between the NER and RE tasks, but also have separate scoring and/or output layers used to produce separate outputs for each task."
2002.08307,"Pruning: Compression, Regularization, Architecture Search",1,"Pruning a neural network reduces its complexity, thereby limiting the range of functions it can express, and can be viewed as a form of permanent dropout or a heuristic-based L0 regularizer."
1911.13087,Conclusion,0,Kurdish ASR development requires minimal effort.
2001.02943,Binary Classification Model ::: Model Architecture,1,"A Bidirectional Long-Short Term Memory (BiLSTM) neural network is used for a binary classification model that predicts the correct ""die"" or ""dat"" for each sentence."
2001.03632,The question formation task ::: Evaluation metrics,1,"The first-word accuracy metric is used to evaluate model performance on the generalization set because models frequently make errors such as truncating outputs, confusing similar words, and producing extraneous errors, which makes full-sentence accuracy less reliable."
1805.03122,Introduction,0,Gender prediction on Twitter is based on lexical features rather than non-lexical features.
2003.08529,Experiments ::: Experimental Results ::: Snips,1,The diversity metric remains unchanged until the training set size is reduced to or below 40% of the original set.
1905.10702,Entity Prediction Results,0,"The ConvE model generates approximately 26,000 positive samples per one negative sample when training on WN18RR."
1805.09055,Daily analysis,0,The morning ends at 13:00 in Spain.
1610.03955,Learning Word Embeddings,1,"Word embeddings are low-dimensional, dense, real-valued vector representations of discrete words that measure word meanings in a continuous vector space."
1908.10001,Models ::: Information retrieval,1,"Deep learning models, including LSTMs and CNN-based architectures, have been used for short text ranking by taking a user query and a hotel or city name as inputs, and training to classify the match as relevant or irrelevant."
2002.06854,Experiments and Results ::: Rating Prediction,0,The neural network TransNet and its extension perform exceptionally well in comparison to the matrix factorization model HFT and the simple Mean baselines.
2003.14026,The morphosyntactic specifications ::: Common specifications,1,"The Formation attribute of the Particle category has two valid values, simple and compound, which are applicable to Bulgarian, Macedonian, and Russian languages."
1910.10408,Results ::: Human Evaluation and Analysis,0,The human evaluation results showed a 60% increase in wins for the Baseline system compared to the En-It Len-Tok model.
1812.06864,Experiments,0,The Librispeech dataset contains 80 hours of clean read speech.
1904.02357,Model Design,0,Plan-and-Revise is a system that uses three discriminators on the ROC data.
1909.00175,Conclusion,1,The proposed approach ensures that there is a maximum of one word tagged as a pun during the testing phase.
1708.02267,ISS-MULT,0,The hierarchical clustering algorithm uses Euclidean distance as a criteria to cluster each question and answer.
1804.02233,Reputation manipulation,1,"Users delete tweets for various reasons, including typos, rephrasing, and the use of swear words or emotional markers like anger, anxiety, and sadness."
1908.07822,Related Work ::: Causality Relation,0,Oh et al. proposed a multi-column convolutional neural network with causality-attention (CA-MCNN) that is specifically designed for the task of detecting causalities without any feature engineering.
1910.11204,Conclusion and Future Work,0,The study found that incorporating syntactic dependency information into semantic role labeling does not improve the SRL task performance.
1911.0168,Model ::: Prediction by Contextual Information,1,Increasing task-specific information in contextual representations enhances the model's performance in predicting word labels.
1810.08699,Introduction,0,"The gold-standard corpus for Armenian texts includes manual annotations of CoNLL named entity categories such as animal, plant, and mineral."
1812.06876,Conclusions and Further Work,0,The F1-score for the smaller synthetic dataset (ATIS small) increased by 4.22 percentage points to 89.98%.
1907.10738,Introduction,1,"The OpenBookQA dataset includes 1326 facts and requires both these facts and common knowledge for answering its questions, which are distinct from reading comprehension-based question answering systems that typically rely on a smaller, contained paragraph."
